employeeid,tenure,joblevel,feedback1,feedback2,feedback3,feedback4,feedback5,feedback6,feedback7,feedback8,engagement1,engagement2,engagement3,conversation,pilotdum,managerdum,performance,perfdum1,perfdum2,perfdum3,busHR,busLEGAL,busENG,busOTHER
94,197,9,,,,,,,,,,,,,Pilot,Manager,Exceptional,0,0,1,0,0,1,0
381,122,10,,,,,,,,,,,,,Control,Employee,Exceptional,0,0,1,0,0,1,0
1573,85,8,7,6,6,6,4,6,6,7,7,7,7,3,Control,Employee,Exceptional,0,0,1,0,0,1,0
493,95,7,,,,,,,,,,,,,Pilot,Manager,Exceptional,0,0,1,0,0,1,0
1464,80,9,6,3,5,6,3,6,2,3,,,,5,Control,Manager,Exceptional,0,0,1,0,0,0,1
474,100,7,6,5,5,5,4,5,5,6,4,4,5,6,Pilot,Employee,Exceptional,0,0,1,0,0,1,0
202,163,13,6,6,6,6,5,6,6,5,6,6,6,5,Pilot,Employee,Exceptional,0,0,1,1,0,0,0
52,155,10,6,5,6,6,2,6,6,5,7,7,7,5,Control,Employee,Exceptional,0,0,1,0,0,1,0
1031,34,8,5,5,5,3,6,3,6,6,5,6,5,2,Control,Employee,Exceptional,0,0,1,0,0,0,1
1552,101,10,6,7,6,6,4,7,6,6,5,5,5,7,Pilot,Manager,Exceptional,0,0,1,1,0,0,0
1563,87,5,7,7,7,7,4,7,7,7,4,4,5,7,Pilot,Employee,Exceptional,0,0,1,0,1,0,0
113,350,8,,,,,,,,,,,,,Pilot,Manager,Exceptional,0,0,1,0,0,1,0
774,59,6,6,5,6,6,4,6,6,6,7,7,7,6,Control,Employee,Exceptional,0,0,1,0,0,1,0
256,107,8,6,5,5,5,3,4,2,5,5,5,5,3,Pilot,Employee,Exceptional,0,0,1,0,0,1,0
1390,9,6,5,5,6,6,6,6,5,4,4,7,5,5,Control,Employee,Exceptional,0,0,1,0,0,1,0
663,79,6,6,5,4,6,5,5,6,6,3,4,6,4,Control,Employee,Exceptional,0,0,1,0,0,0,1
603,86,8,6,4,6,6,2,5,6,5,5,6,5,5,Control,Employee,Exceptional,0,0,1,0,0,1,0
851,47,6,,,,,,,,,,,,,Control,Employee,Exceptional,0,0,1,0,0,1,0
1267,21,6,7,7,7,7,6,7,7,7,4,4,7,7,Pilot,Employee,Exceptional,0,0,1,0,0,1,0
332,105,9,,,,,,,,,,,,,Control,Employee,Exceptional,0,0,1,0,0,0,1
826,49,6,6,6,6,6,6,6,6,6,7,7,7,7,Control,Employee,Exceptional,0,0,1,0,0,0,1
915,42,5,7,7,7,7,7,7,7,7,4,6,5,9,Pilot,Employee,Exceptional,0,0,1,1,0,0,0
661,79,9,7,7,7,7,5,7,7,7,6,7,7,6,Pilot,Manager,Exceptional,0,0,1,1,0,0,0
194,137,8,,,,,,,,,,,,,Pilot,Employee,Exceptional,0,0,1,0,0,1,0
1282,22,6,,,,,,,,,,,,,Control,Employee,Exceptional,0,0,1,0,0,0,1
216,153,8,3,6,3,6,7,7,3,3,5,5,5,4,Pilot,Manager,Exceptional,0,0,1,0,0,1,0
1283,22,5,5,2,6,2,2,4,1,1,2,2,2,1,Control,Employee,Exceptional,0,0,1,0,0,0,1
1076,32,5,6,6,6,6,4,5,5,5,5,5,5,8,Pilot,Employee,Exceptional,0,0,1,1,0,0,0
640,81,10,4,4,6,6,2,5,5,6,5,5,5,6,Pilot,Manager,Exceptional,0,0,1,0,1,0,0
803,52,8,7,7,7,7,7,7,7,7,4,4,4,9,Pilot,Manager,Exceptional,0,0,1,1,0,0,0
956,40,6,7,3,2,6,1,1,3,7,7,7,7,1,Control,Employee,Exceptional,0,0,1,0,0,1,0
1020,34,7,2,7,3,5,6,5,7,2,2,2,5,8,Pilot,Employee,Exceptional,0,0,1,1,0,0,0
1035,34,10,,,,,,,,,,,,,Pilot,Manager,Exceptional,0,0,1,1,0,0,0
687,75,7,,,,,,,,,,,,,Control,Employee,Exceptional,0,0,1,0,0,1,0
761,60,8,,,,,,,,,,,,,Control,Employee,Exceptional,0,0,1,0,0,1,0
403,117,9,,,,,,,,,,,,,Pilot,Employee,Exceptional,0,0,1,0,0,1,0
925,41,6,,,,,,,,,,,,,Pilot,Employee,Exceptional,0,0,1,1,0,0,0
89,154,9,6,7,7,7,5,7,7,6,5,6,5,6,Pilot,Manager,Exceptional,0,0,1,0,0,1,0
506,96,9,6,6,6,6,1,6,6,6,6,6,4,6,Pilot,Manager,Exceptional,0,0,1,0,0,1,0
35,182,10,6,7,6,7,6,7,7,7,7,7,6,7,Control,Employee,Exceptional,0,0,1,0,0,1,0
457,103,7,7,7,5,7,7,7,6,7,6,5,6,9,Pilot,Employee,Exceptional,0,0,1,0,0,1,0
446,89,7,3,5,3,4,2,3,4,3,5,6,5,6,Pilot,Employee,Exceptional,0,0,1,0,0,1,0
366,125,8,,,,,,,,,,,,,Pilot,Manager,Exceptional,0,0,1,0,0,1,0
116,353,11,5,3,3,6,5,5,4,4,4,4,4,5,Pilot,Manager,Exceptional,0,0,1,0,0,1,0
781,58,7,,,,,,,,,,,,,Control,Employee,Exceptional,0,0,1,0,0,1,0
1141,28,6,,,,,,,,,,,,,Pilot,Employee,Exceptional,0,0,1,0,0,1,0
1405,9,5,1,2,2,2,4,2,2,1,4,4,4,1,Control,Employee,Exceptional,0,0,1,0,0,0,1
716,71,9,,,,,,,,,,,,,Pilot,Manager,Exceptional,0,0,1,0,0,1,0
1050,34,5,6,5,6,5,4,6,6,7,7,7,7,8,Control,Employee,Exceptional,0,0,1,0,0,0,1
629,82,10,5,5,6,6,4,6,5,6,7,7,4,2,Control,Manager,Exceptional,0,0,1,0,0,1,0
995,36,8,7,7,7,7,5,7,7,7,4,4,6,7,Pilot,Employee,Exceptional,0,0,1,1,0,0,0
1022,35,5,6,6,6,6,6,6,6,6,7,7,7,8,Control,Employee,Exceptional,0,0,1,0,0,0,1
979,36,9,,,,,,,,,,,,,Pilot,Employee,Exceptional,0,0,1,0,1,0,0
408,117,9,,,,,,,,,,,,,Pilot,Manager,Exceptional,0,0,1,0,0,1,0
517,93,9,,,,,,,,,,,,,Pilot,Employee,Exceptional,0,0,1,0,0,1,0
505,96,10,7,7,7,7,7,7,7,7,6,6,6,7,Pilot,Manager,Exceptional,0,0,1,0,0,1,0
1263,13,4,5,1,5,5,5,1,1,1,5,5,5,5,Control,Employee,Exceptional,0,0,1,0,0,0,1
22,201,7,6,6,6,6,6,5,5,6,7,7,7,8,Control,Employee,Exceptional,0,0,1,0,0,1,0
427,71,9,7,7,7,7,7,7,7,7,4,4,4,7,Control,Employee,Exceptional,0,0,1,0,0,0,1
1001,36,7,,,,,,,,,,,,,Pilot,Employee,Exceptional,0,0,1,0,0,1,0
1381,10,4,4,4,4,4,6,1,1,1,5,5,7,1,Control,Employee,Exceptional,0,0,1,0,0,0,1
1086,32,6,,,,,,,,,,,,,Control,Employee,Exceptional,0,0,1,0,0,0,1
969,38,7,,,,,,,,,,,,,Pilot,Employee,Exceptional,0,0,1,0,0,1,0
720,70,10,6,6,6,6,6,7,7,6,3,4,6,6,Pilot,Manager,Exceptional,0,0,1,1,0,0,0
321,100,7,6,5,6,6,4,6,3,5,5,5,5,5,Control,Employee,Exceptional,0,0,1,0,0,0,1
713,71,9,6,6,6,6,2,5,3,3,6,6,6,3,Control,Employee,Exceptional,0,0,1,0,0,0,1
878,44,7,,,,,,,,,,,,,Control,Employee,Exceptional,0,0,1,0,0,0,1
395,118,8,,,,,,,,,,,,,Pilot,Employee,Exceptional,0,0,1,0,0,1,0
485,93,8,,,,,,,,,,,,,Pilot,Employee,Exceptional,0,0,1,0,0,1,0
641,81,7,,,,,,,,,,,,,Pilot,Employee,Exceptional,0,0,1,0,0,1,0
871,45,7,6,5,6,6,4,3,6,6,5,5,6,3,Control,Employee,Exceptional,0,0,1,0,0,1,0
1275,22,6,,,,,,,,,,,,,Pilot,Employee,Exceptional,0,0,1,1,0,0,0
482,89,7,6,6,4,6,7,4,6,4,5,6,6,6,Pilot,Employee,Exceptional,0,0,1,0,0,1,0
593,87,8,6,5,5,6,5,6,5,6,3,7,3,5,Control,Employee,Exceptional,0,0,1,0,0,0,1
943,71,8,,,,,,,,,,,,,Control,Employee,Exceptional,0,0,1,0,0,0,1
1404,10,4,6,6,6,6,3,5,5,3,7,7,7,7,Control,Employee,Exceptional,0,0,1,0,0,0,1
804,52,10,,,,,,,,,,,,,Pilot,Manager,Exceptional,0,0,1,0,1,0,0
707,72,8,,,,,,,,,,,,,Pilot,Manager,Exceptional,0,0,1,0,0,1,0
779,57,7,7,6,6,6,4,6,7,7,7,7,7,7,Control,Employee,Exceptional,0,0,1,0,0,1,0
752,63,8,6,6,6,5,6,5,5,4,5,5,5,8,Pilot,Manager,Exceptional,0,0,1,0,0,1,0
738,66,6,,,,,,,,,,,,,Control,Employee,Exceptional,0,0,1,0,0,0,1
304,116,8,,,,,,,,,,,,,Control,Manager,Exceptional,0,0,1,0,0,0,1
441,108,10,7,7,7,7,7,7,7,7,6,7,7,9,Pilot,Manager,Exceptional,0,0,1,0,0,1,0
193,171,10,7,7,7,7,6,7,7,7,5,7,6,6,Pilot,Manager,Exceptional,0,0,1,0,1,0,0
785,54,2,,,,,,,,,,,,,Control,Employee,Exceptional,0,0,1,0,0,0,1
769,59,8,7,7,7,7,7,7,7,7,4,5,7,9,Pilot,Employee,Exceptional,0,0,1,0,0,1,0
1048,34,6,,,,,,,,,,,,,Pilot,Employee,Exceptional,0,0,1,1,0,0,0
438,110,7,,,,,,,,,,,,,Pilot,Employee,Exceptional,0,0,1,0,0,1,0
491,95,7,5,7,6,7,5,5,7,5,6,4,5,9,Pilot,Employee,Exceptional,0,0,1,0,0,1,0
1092,44,7,6,6,6,6,2,6,6,6,4,4,4,6,Pilot,Employee,Exceptional,0,0,1,0,0,1,0
452,105,10,6,6,6,6,5,6,5,6,5,5,5,6,Pilot,Manager,Exceptional,0,0,1,0,0,1,0
210,159,9,6,7,6,5,5,3,4,4,5,5,5,6,Pilot,Manager,Exceptional,0,0,1,0,0,1,0
260,104,9,,,,,,,,,,,,,Pilot,Manager,Exceptional,0,0,1,0,0,1,0
1151,27,7,7,7,7,7,7,7,7,7,4,5,6,9,Pilot,Employee,Exceptional,0,0,1,1,0,0,0
941,38,6,,,,,,,,,,,,,Pilot,Employee,Exceptional,0,0,1,0,0,1,0
1039,34,10,7,7,7,7,7,7,7,7,6,6,,7,Pilot,Manager,Exceptional,0,0,1,1,0,0,0
494,94,7,5,6,6,7,4,6,5,5,6,6,5,7,Pilot,Employee,Exceptional,0,0,1,0,0,1,0
525,90,8,7,7,7,7,6,7,7,7,6,6,6,6,Pilot,Employee,Exceptional,0,0,1,0,0,1,0
963,38,6,,,,,,,,,,,,,Pilot,Employee,Exceptional,0,0,1,1,0,0,0
356,167,9,,,,,,,,,,,,,Control,Employee,Exceptional,0,0,1,0,0,0,1
213,150,8,,,,,,,,,,,,,Control,Employee,Exceptional,0,0,1,0,0,1,0
306,113,4,,,,,,,,,,,,,Control,Employee,Exceptional,0,0,1,0,0,0,1
898,44,7,6,5,6,5,4,6,6,6,7,7,7,5,Control,Employee,Exceptional,0,0,1,0,0,1,0
692,75,7,,,,,,,,,,,,,Pilot,Employee,Exceptional,0,0,1,0,0,1,0
1143,28,6,7,7,7,7,7,7,7,7,5,5,5,6,Pilot,Employee,Exceptional,0,0,1,1,0,0,0
251,139,9,6,6,6,6,4,6,6,6,6,6,6,6,Control,Employee,Exceptional,0,0,1,0,0,1,0
384,84,4,3,2,6,5,5,2,3,4,7,7,7,3,Control,Employee,Exceptional,0,0,1,0,0,1,0
824,49,7,,,,,,,,,,,,,Pilot,Employee,Exceptional,0,0,1,0,0,1,0
1471,34,6,6,6,6,6,3,6,7,6,7,7,5,3,Control,Employee,Exceptional,0,0,1,0,0,0,1
952,39,5,6,6,5,5,3,3,7,7,7,7,7,8,Control,Employee,Exceptional,0,0,1,0,0,1,0
488,72,7,,,,,,,,,,,,,Pilot,Employee,Exceptional,0,0,1,0,0,1,0
1033,34,5,6,5,6,5,6,5,5,5,6,6,5,3,Control,Employee,Exceptional,0,0,1,0,0,0,1
90,156,8,6,5,6,6,5,4,6,6,6,6,4,4,Pilot,Manager,Exceptional,0,0,1,0,0,1,0
280,159,8,6,6,6,6,3,6,6,6,4,5,6,5,Pilot,Manager,Exceptional,0,0,1,1,0,0,0
226,137,9,6,5,6,6,5,6,6,6,7,7,7,9,Control,Employee,Exceptional,0,0,1,0,0,0,1
1065,32,7,6,7,6,7,4,6,6,6,7,7,5,7,Control,Employee,Exceptional,0,0,1,0,0,1,0
259,106,7,,,,,,,,,,,,,Pilot,Employee,Exceptional,0,0,1,0,0,1,0
588,77,7,,,,,,,,,,,,,Pilot,Employee,Exceptional,0,0,1,0,0,1,0
725,70,6,,,,,,,,,,,,,Control,Employee,Exceptional,0,0,1,0,0,1,0
1254,49,10,6,6,6,6,6,4,3,3,7,7,7,5,Control,Manager,Exceptional,0,0,1,0,0,0,1
360,233,10,6,6,6,6,5,6,4,4,6,6,6,7,Pilot,Manager,Exceptional,0,0,1,0,0,1,0
874,46,6,5,2,2,2,1,2,1,3,1,1,5,2,Pilot,Employee,Exceptional,0,0,1,0,0,1,0
1533,117,7,5,5,5,5,4,5,5,3,4,5,5,5,Control,Employee,Exceptional,0,0,1,0,0,1,0
1578,128,6,6,7,7,7,6,6,6,6,7,7,7,5,Control,Employee,Exceptional,0,0,1,0,0,0,1
1117,30,7,,,,,,,,,,,,,Control,Employee,Exceptional,0,0,1,0,0,1,0
175,190,7,7,7,7,7,7,6,7,7,6,6,6,6,Pilot,Employee,Exceptional,0,0,1,0,1,0,0
816,52,6,,,,,,,,,,,,,Pilot,Employee,Exceptional,0,0,1,1,0,0,0
1099,31,7,,,,,,,,,,,,,Control,Manager,Exceptional,0,0,1,0,0,0,1
592,72,7,6,4,6,4,5,6,3,3,7,7,7,6,Control,Employee,Exceptional,0,0,1,0,0,0,1
178,190,8,6,6,6,5,6,6,4,4,6,5,6,7,Control,Employee,Low,1,0,0,0,0,0,1
272,153,8,4,4,6,6,3,3,2,2,5,5,6,4,Control,Employee,Low,1,0,0,0,0,0,1
967,25,5,7,7,7,6,4,6,7,7,5,5,5,6,Control,Employee,Low,1,0,0,0,0,1,0
986,25,5,6,6,5,6,5,5,6,5,5,4,6,5,Control,Employee,Low,1,0,0,0,0,1,0
1387,10,5,4,4,4,6,4,4,6,4,2,5,6,6,Control,Employee,Low,1,0,0,0,0,0,1
1338,8,4,6,6,6,6,4,6,6,6,6,6,7,8,Pilot,Employee,Low,1,0,0,1,0,0,0
1104,28,5,7,7,7,7,6,7,7,7,7,7,6,9,Pilot,Employee,Low,1,0,0,0,0,1,0
837,48,8,6,5,6,6,4,7,5,6,7,7,7,7,Pilot,Employee,Low,1,0,0,1,0,0,0
1371,10,5,7,7,7,7,6,6,7,7,7,7,7,5,Pilot,Employee,Low,1,0,0,0,0,1,0
1225,24,2,7,4,7,7,4,7,7,7,7,7,7,9,Pilot,Employee,Low,1,0,0,1,0,0,0
1479,13,8,7,6,6,6,4,6,6,7,6,5,5,7,Pilot,Employee,Low,1,0,0,1,0,0,0
1375,11,5,6,6,6,6,5,6,6,6,7,7,7,8,Pilot,Employee,Low,1,0,0,0,0,1,0
1244,22,6,6,6,6,6,6,6,6,6,6,6,6,8,Pilot,Employee,Low,1,0,0,0,0,1,0
1332,172,10,6,7,7,7,6,7,6,6,7,7,7,8,Pilot,Employee,Low,1,0,0,0,1,0,0
1335,15,6,7,7,7,7,7,7,7,7,7,7,6,9,Pilot,Employee,Low,1,0,0,1,0,0,0
1374,10,5,6,6,3,6,5,6,6,6,6,6,6,5,Pilot,Employee,Low,1,0,0,0,0,1,0
612,69,6,6,5,6,4,2,4,5,5,1,3,5,5,Control,Employee,Low,1,0,0,0,0,0,1
1355,13,8,7,7,7,7,4,7,7,7,7,7,7,9,Pilot,Employee,Low,1,0,0,0,0,1,0
1441,7,5,6,4,6,6,4,4,7,7,7,7,6,8,Pilot,Employee,Low,1,0,0,0,0,1,0
1423,9,4,6,7,6,7,2,6,6,6,6,6,6,5,Pilot,Employee,Low,1,0,0,0,1,0,0
1255,22,7,7,7,7,7,7,7,7,7,7,7,6,9,Pilot,Employee,Low,1,0,0,0,0,1,0
1429,8,9,5,7,7,7,6,6,6,6,4,4,4,6,Control,Employee,Low,1,0,0,0,0,0,1
1326,16,5,6,6,6,6,5,6,7,7,7,7,7,7,Pilot,Employee,Low,1,0,0,0,0,1,0
230,93,8,6,6,6,6,6,6,6,6,6,6,6,6,Pilot,Employee,Low,1,0,0,0,0,1,0
1457,7,5,6,6,6,6,6,6,6,6,7,7,6,9,Pilot,Employee,Low,1,0,0,0,0,1,0
590,55,6,6,7,5,5,4,4,6,6,6,7,7,5,Pilot,Employee,Low,1,0,0,0,0,1,0
1357,12,7,7,7,7,7,5,7,7,7,7,7,7,9,Pilot,Employee,Low,1,0,0,1,0,0,0
348,116,11,6,6,5,7,4,6,4,5,7,7,7,7,Pilot,Manager,Low,1,0,0,0,0,1,0
154,172,8,6,6,6,6,6,6,6,6,6,6,6,5,Pilot,Employee,Low,1,0,0,0,0,1,0
1412,9,8,7,6,6,6,5,6,7,7,6,7,6,9,Pilot,Employee,Low,1,0,0,0,0,1,0
1449,7,6,6,6,7,5,6,6,6,6,6,6,4,8,Control,Employee,Low,1,0,0,0,0,1,0
1325,16,5,7,7,7,7,6,7,7,7,7,7,7,9,Pilot,Employee,Low,1,0,0,0,1,0,0
672,129,10,6,6,6,6,6,6,4,5,3,3,6,4,Control,Employee,Low,1,0,0,0,0,1,0
1305,20,8,6,6,6,6,6,6,7,6,6,6,5,8,Pilot,Employee,Low,1,0,0,0,1,0,0
224,146,8,6,7,7,7,4,6,6,6,7,6,7,8,Pilot,Employee,Low,1,0,0,0,0,1,0
235,114,8,6,5,6,7,5,6,5,6,6,6,7,5,Pilot,Employee,Low,1,0,0,0,0,1,0
1110,30,6,6,5,6,6,4,4,4,5,5,6,6,8,Control,Employee,Low,1,0,0,0,0,0,1
1343,14,4,5,6,6,7,7,7,6,5,3,3,4,6,Control,Employee,Low,1,0,0,0,0,0,1
876,46,9,,,,,,,,,,,,,Control,Employee,Strong,0,1,0,0,0,0,1
83,163,7,,,,,,,,,,,,,Pilot,Employee,Strong,0,1,0,0,1,0,0
1556,93,5,6,5,6,6,5,7,7,6,5,6,5,6,Control,Employee,Strong,0,1,0,0,0,1,0
665,72,9,7,7,7,7,7,7,7,7,6,6,6,5,Pilot,Employee,Strong,0,1,0,1,0,0,0
1196,36,10,,,,,,,,,,,,,Control,Employee,Strong,0,1,0,0,0,0,1
834,49,6,,,,,,,,,,,,,Pilot,Employee,Strong,0,1,0,0,0,1,0
61,308,9,,,,,,,,,,,,,Pilot,Employee,Strong,0,1,0,0,1,0,0
576,89,9,6,6,6,6,2,6,6,6,7,7,5,7,Pilot,Employee,Strong,0,1,0,1,0,0,0
476,100,10,,,,,,,,,,,,,Pilot,Employee,Strong,0,1,0,0,0,1,0
1553,99,7,,,,,,,,,,,,,Control,Employee,Strong,0,1,0,0,0,1,0
601,86,6,5,5,6,6,4,6,5,5,5,6,3,5,Control,Employee,Strong,0,1,0,0,0,0,1
1469,162,4,,,,,,,,,,,,,Control,Employee,Strong,0,1,0,0,0,0,1
971,28,5,,,,,,,,,,,,,Pilot,Employee,Strong,0,1,0,0,1,0,0
572,90,2,,,,,,,,,,,,,Control,Employee,Strong,0,1,0,0,0,0,1
757,60,10,5,6,3,5,6,5,6,4,2,3,7,7,Control,Manager,Strong,0,1,0,0,0,0,1
903,44,8,,,,,,,,,,,,,Control,Employee,Strong,0,1,0,0,0,0,1
919,42,6,6,6,6,7,6,6,6,6,6,6,6,8,Control,Employee,Strong,0,1,0,0,0,0,1
1333,39,8,,,,,,,,,,,,,Control,Employee,Strong,0,1,0,0,0,0,1
1026,24,7,6,7,7,7,6,7,7,7,7,7,7,8,Control,Employee,Strong,0,1,0,0,0,0,1
402,117,8,,,,,,,,,,,,,Pilot,Employee,Strong,0,1,0,0,0,1,0
841,47,5,6,6,5,6,6,5,6,5,6,6,6,5,Control,Employee,Strong,0,1,0,0,0,0,1
529,95,7,,,,,,,,,,,,,Pilot,Employee,Strong,0,1,0,0,0,1,0
375,124,10,,,,,,,,,,,,,Pilot,Employee,Strong,0,1,0,0,0,1,0
377,111,7,5,7,5,7,7,7,7,5,5,5,5,9,Pilot,Employee,Strong,0,1,0,0,0,1,0
165,213,8,,,,,,,,,,,,,Pilot,Employee,Strong,0,1,0,0,1,0,0
471,101,9,,,,,,,,,,,,,Pilot,Employee,Strong,0,1,0,0,0,1,0
369,124,10,,,,,,,,,,,,,Pilot,Employee,Strong,0,1,0,0,0,1,0
583,86,6,,,,,,,,,,,,,Pilot,Employee,Strong,0,1,0,0,0,1,0
573,92,8,5,7,7,7,5,5,7,5,6,6,6,8,Pilot,Manager,Strong,0,1,0,0,0,1,0
64,271,8,3,2,3,2,1,1,2,2,6,6,,5,Pilot,Manager,Strong,0,1,0,0,1,0,0
387,117,8,,,,,,,,,,,,,Pilot,Manager,Strong,0,1,0,0,0,1,0
1529,126,7,,,,,,,,,,,,,Control,Employee,Strong,0,1,0,0,0,1,0
645,80,7,,,,,,,,,,,,,Control,Employee,Strong,0,1,0,0,0,0,1
1272,22,4,5,5,6,6,2,6,5,6,6,6,5,8,Control,Employee,Strong,0,1,0,0,0,1,0
428,111,7,,,,,,,,,,,,,Pilot,Employee,Strong,0,1,0,0,0,1,0
204,163,7,,,,,,,,,,,,,Pilot,Employee,Strong,0,1,0,0,1,0,0
1297,21,5,,,,,,,,,,,,,Pilot,Employee,Strong,0,1,0,0,0,1,0
293,118,6,,,,,,,,,,,,,Control,Employee,Strong,0,1,0,0,0,0,1
865,46,6,,,,,,,,,,,,,Pilot,Employee,Strong,0,1,0,0,0,1,0
906,44,4,5,5,6,5,4,5,5,5,5,5,6,5,Pilot,Employee,Strong,0,1,0,1,0,0,0
921,42,6,7,7,7,7,4,7,7,7,7,7,7,8,Control,Employee,Strong,0,1,0,0,0,0,1
996,24,7,,,,,,,,,,,,,Control,Employee,Strong,0,1,0,0,0,0,1
1206,24,5,,,,,,,,,,,,,Control,Employee,Strong,0,1,0,0,0,0,1
1576,128,8,4,5,6,6,6,7,7,6,6,6,6,9,Control,Employee,Strong,0,1,0,0,0,0,1
406,117,7,,7,6,7,7,6,7,7,7,7,7,6,Pilot,Employee,Strong,0,1,0,0,0,1,0
114,368,3,4,4,5,3,5,4,6,5,4,6,5,5,Control,Employee,Strong,0,1,0,0,0,0,1
1598,104,7,,,,,,,,,,,,,Control,Employee,Strong,0,1,0,0,0,0,1
1253,23,5,,,,,,,,,,,,,Pilot,Employee,Strong,0,1,0,0,0,1,0
900,44,6,,,,,,,,,,,,,Control,Employee,Strong,0,1,0,0,0,0,1
468,98,8,6,6,7,5,5,5,6,6,5,5,6,5,Pilot,Employee,Strong,0,1,0,0,0,1,0
1200,25,5,5,5,5,4,4,5,5,6,6,6,6,3,Pilot,Employee,Strong,0,1,0,1,0,0,0
1582,112,8,,,,,,,,,,,,,Control,Employee,Strong,0,1,0,0,0,0,1
510,96,9,6,6,6,6,5,7,6,6,6,7,6,5,Pilot,Manager,Strong,0,1,0,0,0,1,0
218,153,9,,,,,,,,,,,,,Pilot,Manager,Strong,0,1,0,0,0,1,0
196,137,6,,,,,,,,,,,,,Pilot,Employee,Strong,0,1,0,0,0,1,0
2,283,7,6,7,6,6,5,7,6,6,7,7,6,9,Control,Employee,Strong,0,1,0,0,0,1,0
1,118,9,6,6,6,6,2,3,5,6,6,6,4,5,Control,Employee,Strong,0,1,0,0,0,1,0
302,116,5,6,6,6,5,6,6,6,6,4,4,6,6,Control,Manager,Strong,0,1,0,0,0,0,1
983,37,4,,,,,,,,,,,,,Control,Employee,Strong,0,1,0,0,0,0,1
17,203,7,6,6,5,2,2,7,6,6,7,7,6,7,Control,Employee,Strong,0,1,0,0,0,1,0
437,105,7,,,,,,,,,,,,,Pilot,Employee,Strong,0,1,0,0,0,1,0
1540,117,7,,,,,,,,,,,,,Control,Employee,Strong,0,1,0,0,0,1,0
53,153,7,6,6,6,7,7,6,6,7,6,6,6,8,Control,Employee,Strong,0,1,0,0,0,1,0
1202,24,8,7,7,7,7,6,7,7,7,7,7,7,9,Pilot,Manager,Strong,0,1,0,0,0,1,0
483,99,7,7,7,7,7,7,7,7,7,6,7,7,7,Pilot,Employee,Strong,0,1,0,0,0,1,0
500,97,9,6,7,6,6,6,6,5,6,7,7,7,9,Pilot,Manager,Strong,0,1,0,0,0,1,0
7,249,11,,,,,,,,,,,,,Control,Manager,Strong,0,1,0,0,0,1,0
842,47,6,,,,,,,,,,,,,Control,Employee,Strong,0,1,0,0,0,0,1
1152,27,8,6,6,6,6,6,6,6,7,6,6,6,8,Pilot,Employee,Strong,0,1,0,1,0,0,0
68,225,9,,,,,,,,,,,,,Pilot,Employee,Strong,0,1,0,0,0,1,0
1217,24,4,7,7,7,7,5,7,7,7,6,6,6,6,Pilot,Employee,Strong,0,1,0,0,0,1,0
678,75,8,,,,,,,,,,,,,Pilot,Employee,Strong,0,1,0,1,0,0,0
1089,32,5,,,,,,,,,,,,,Control,Employee,Strong,0,1,0,0,0,0,1
1574,84,7,6,7,7,7,7,7,7,6,7,7,7,9,Control,Employee,Strong,0,1,0,0,0,1,0
1236,23,5,6,5,6,6,3,5,6,5,6,4,4,9,Pilot,Employee,Strong,0,1,0,0,0,1,0
424,108,7,5,7,7,7,7,6,6,5,6,6,6,9,Pilot,Employee,Strong,0,1,0,0,0,1,0
985,36,5,7,7,7,7,7,7,7,7,6,5,7,7,Pilot,Employee,Strong,0,1,0,1,0,0,0
376,123,9,6,6,2,3,2,3,4,4,6,6,5,8,Pilot,Employee,Strong,0,1,0,0,0,1,0
775,57,9,,,,,,,,,,,,,Pilot,Manager,Strong,0,1,0,1,0,0,0
741,66,7,4,5,4,4,7,4,4,4,6,6,6,2,Pilot,Employee,Strong,0,1,0,0,0,1,0
981,37,2,,,,,,,,,,,,,Control,Employee,Strong,0,1,0,0,0,0,1
683,70,6,,,,,,,,,,,,,Pilot,Employee,Strong,0,1,0,0,0,1,0
846,47,8,6,5,5,6,4,6,6,5,7,7,7,5,Pilot,Employee,Strong,0,1,0,1,0,0,0
343,184,8,,,,,,,,,,,,,Pilot,Manager,Strong,0,1,0,0,0,1,0
473,101,8,7,6,7,7,5,7,5,7,3,5,5,6,Pilot,Employee,Strong,0,1,0,0,0,1,0
1165,26,6,7,7,7,7,5,7,7,7,5,6,7,9,Pilot,Employee,Strong,0,1,0,1,0,0,0
1090,32,7,,,,,,,,,,,,,Control,Employee,Strong,0,1,0,0,0,0,1
907,44,6,,,,,,,,,,,,,Pilot,Employee,Strong,0,1,0,0,0,1,0
1209,95,10,,,,,,,,,,,,,Control,Employee,Strong,0,1,0,0,0,0,1
694,75,10,,,,,,,,,,,,,Control,Employee,Strong,0,1,0,0,0,0,1
1144,27,7,,,,,,,,,,,,,Control,Employee,Strong,0,1,0,0,0,0,1
1021,35,5,7,7,7,7,4,7,7,7,6,5,3,8,Pilot,Employee,Strong,0,1,0,1,0,0,0
1049,33,6,,,,,,,,,,,,,Control,Employee,Strong,0,1,0,0,0,0,1
651,81,7,,,,,,,,,,,,,Control,Employee,Strong,0,1,0,0,0,1,0
451,91,7,,,,,,,,,,,,,Pilot,Employee,Strong,0,1,0,0,0,1,0
894,44,8,6,6,4,5,2,4,2,2,3,3,2,8,Pilot,Employee,Strong,0,1,0,0,1,0,0
371,124,11,7,7,6,7,7,6,7,7,3,3,4,8,Pilot,Employee,Strong,0,1,0,0,0,1,0
383,91,9,7,6,7,6,6,7,7,7,5,5,7,6,Control,Manager,Strong,0,1,0,0,0,0,1
312,104,2,,,,,,,,,,,,,Control,Employee,Strong,0,1,0,0,0,0,1
508,96,9,4,5,6,4,3,4,6,6,6,6,6,7,Pilot,Manager,Strong,0,1,0,0,0,1,0
957,39,8,7,7,7,7,6,7,7,7,6,6,7,9,Pilot,Manager,Strong,0,1,0,1,0,0,0
1304,21,4,,,,,,,,,,,,,Control,Employee,Strong,0,1,0,0,0,0,1
418,113,9,6,6,6,6,6,5,6,7,4,4,7,5,Control,Employee,Strong,0,1,0,0,0,1,0
1306,20,5,,,,,,,,,,,,,Pilot,Employee,Strong,0,1,0,0,0,1,0
765,38,5,,,,,,,,,,,,,Control,Employee,Strong,0,1,0,0,0,1,0
604,85,7,,,,,,,,,,,,,Pilot,Employee,Strong,0,1,0,0,0,1,0
1096,31,5,6,7,6,7,1,6,7,6,7,7,6,5,Pilot,Employee,Strong,0,1,0,0,1,0,0
509,96,8,,,,,,,,,,,,,Pilot,Employee,Strong,0,1,0,0,0,1,0
739,66,6,5,5,5,5,5,5,5,5,4,4,4,7,Control,Employee,Strong,0,1,0,0,0,0,1
1088,32,7,6,5,7,6,6,7,7,5,7,7,7,8,Pilot,Employee,Strong,0,1,0,0,0,1,0
589,75,6,7,5,6,6,4,7,7,7,5,6,6,7,Pilot,Employee,Strong,0,1,0,0,0,1,0
1223,23,7,,,,,,,,,,,,,Pilot,Employee,Strong,0,1,0,0,0,1,0
1542,115,3,6,5,5,6,6,5,5,5,6,6,6,7,Control,Employee,Strong,0,1,0,0,0,1,0
314,106,7,7,7,7,7,6,7,7,7,4,4,6,6,Control,Employee,Strong,0,1,0,0,0,0,1
695,74,13,7,7,7,7,7,7,7,7,6,6,6,8,Pilot,Manager,Strong,0,1,0,1,0,0,0
443,106,8,,,,,,,,,,,,,Pilot,Employee,Strong,0,1,0,0,0,1,0
568,90,6,,,,,,,,,,,,,Control,Employee,Strong,0,1,0,0,0,0,1
1260,22,4,,,,,,,,,,,,,Pilot,Employee,Strong,0,1,0,0,0,1,0
1510,121,7,,,,,,,,,,,,,Pilot,Employee,Strong,0,1,0,0,1,0,0
1145,28,6,7,7,7,7,6,7,7,7,5,5,5,8,Pilot,Manager,Strong,0,1,0,1,0,0,0
902,33,5,6,7,7,6,4,5,6,6,5,5,5,8,Pilot,Employee,Strong,0,1,0,0,0,1,0
937,41,7,,,,,,,,,,,,,Control,Employee,Strong,0,1,0,0,0,1,0
690,74,8,5,7,7,7,6,7,5,5,7,7,7,5,Control,Employee,Strong,0,1,0,0,0,1,0
234,165,7,5,6,6,6,5,6,6,6,5,5,7,7,Pilot,Employee,Strong,0,1,0,0,0,1,0
1534,123,10,4,6,4,4,1,2,6,2,5,6,5,5,Pilot,Manager,Strong,0,1,0,0,1,0,0
335,98,9,6,6,7,7,5,6,6,6,7,7,6,6,Control,Employee,Strong,0,1,0,0,0,1,0
1512,108,10,,,,,,,,,,,,,Control,Employee,Strong,0,1,0,0,0,1,0
71,214,7,,,,,,,,,,,,,Pilot,Employee,Strong,0,1,0,0,1,0,0
1242,23,8,,,,,,,,,,,,,Control,Employee,Strong,0,1,0,0,0,0,1
982,37,7,,,,,,,,,,,,,Pilot,Employee,Strong,0,1,0,1,0,0,0
1314,19,6,7,7,7,7,3,7,7,7,7,7,7,5,Control,Employee,Strong,0,1,0,0,0,1,0
220,152,9,5,5,4,5,4,5,,3,5,5,6,7,Pilot,Manager,Strong,0,1,0,1,0,0,0
551,94,7,,,,,,,,,,,,,Pilot,Employee,Strong,0,1,0,0,0,1,0
374,124,10,,,,,,,,,,,,,Pilot,Manager,Strong,0,1,0,0,0,1,0
992,23,4,6,6,6,6,6,6,6,6,7,7,7,9,Control,Employee,Strong,0,1,0,0,0,0,1
1073,32,7,,,,,,,,,,,,,Control,Employee,Strong,0,1,0,0,0,0,1
1069,33,6,6,7,6,6,5,6,5,5,6,7,6,5,Control,Employee,Strong,0,1,0,0,0,0,1
836,48,6,6,6,6,7,6,6,5,5,6,6,7,4,Control,Employee,Strong,0,1,0,0,0,0,1
632,82,7,,,,,,,,,,,,,Control,Employee,Strong,0,1,0,0,0,0,1
1064,33,10,4,4,4,4,4,4,4,4,7,7,7,5,Control,Manager,Strong,0,1,0,0,0,1,0
852,47,5,6,6,5,6,2,5,5,6,6,6,6,5,Pilot,Employee,Strong,0,1,0,1,0,0,0
866,46,5,5,5,4,6,6,6,5,5,5,5,5,5,Pilot,Employee,Strong,0,1,0,1,0,0,0
1478,15,8,3,2,1,3,2,3,3,5,2,5,7,5,Control,Manager,Strong,0,1,0,0,0,0,1
1177,22,5,,,,,,,,,,,,,Control,Employee,Strong,0,1,0,0,0,0,1
802,83,8,,,,,,,,,,,,,Pilot,Employee,Strong,0,1,0,0,0,1,0
1118,29,6,,,,,,,,,,,,,Pilot,Employee,Strong,0,1,0,0,0,1,0
917,42,7,,,,,,,,,,,,,Control,Employee,Strong,0,1,0,0,0,0,1
1526,128,8,5,5,6,6,3,5,5,5,6,7,6,6,Control,Employee,Strong,0,1,0,0,0,1,0
127,287,9,7,7,7,7,7,7,7,7,5,6,7,9,Pilot,Manager,Strong,0,1,0,0,0,1,0
977,37,7,7,7,7,7,7,7,7,7,6,6,6,6,Pilot,Employee,Strong,0,1,0,0,1,0,0
323,81,2,,,,,,,,,,,,,Control,Employee,Strong,0,1,0,0,0,0,1
1159,23,5,,,,,,,,,,,,,Pilot,Employee,Strong,0,1,0,0,0,1,0
1214,24,6,5,5,5,5,2,5,2,2,6,6,5,7,Pilot,Employee,Strong,0,1,0,1,0,0,0
1549,108,10,7,7,7,7,7,7,7,7,6,6,6,6,Pilot,Manager,Strong,0,1,0,0,1,0,0
1285,21,5,,,,,,,,,,,,,Control,Employee,Strong,0,1,0,0,0,0,1
379,118,7,6,7,7,7,7,7,5,6,6,6,7,9,Pilot,Employee,Strong,0,1,0,0,0,1,0
1116,25,5,5,6,5,5,4,6,6,6,6,6,6,5,Pilot,Employee,Strong,0,1,0,1,0,0,0
916,42,6,7,4,6,7,5,7,7,7,4,6,4,7,Pilot,Employee,Strong,0,1,0,0,0,1,0
679,74,8,,,,,,,,,,,,,Pilot,Employee,Strong,0,1,0,0,0,1,0
1079,32,7,7,7,5,7,5,5,5,7,5,5,6,6,Pilot,Employee,Strong,0,1,0,1,0,0,0
531,95,4,6,6,5,5,4,5,5,5,6,6,7,7,Control,Employee,Strong,0,1,0,0,0,1,0
392,119,10,6,6,7,7,2,7,5,6,7,7,6,8,Pilot,Employee,Strong,0,1,0,0,1,0,0
1239,22,7,7,7,7,7,5,7,6,7,7,7,7,8,Pilot,Employee,Strong,0,1,0,0,0,1,0
430,107,6,7,7,7,7,7,7,7,7,7,7,7,8,Pilot,Employee,Strong,0,1,0,0,0,1,0
926,42,4,5,5,6,5,2,6,6,5,7,7,7,5,Pilot,Employee,Strong,0,1,0,1,0,0,0
832,48,10,6,7,6,6,4,6,6,6,7,7,6,8,Pilot,Manager,Strong,0,1,0,1,0,0,0
962,39,7,6,6,6,6,6,6,6,6,6,7,6,7,Control,Employee,Strong,0,1,0,0,0,1,0
656,80,9,,,,,,,,,,,,,Pilot,Manager,Strong,0,1,0,0,0,1,0
954,39,3,,,,,,,,,,,,,Control,Employee,Strong,0,1,0,0,0,0,1
1490,162,7,,,,,,,,,,,,,Control,Employee,Strong,0,1,0,0,0,1,0
66,223,9,,,,,,,,,,,,,Pilot,Manager,Strong,0,1,0,0,0,1,0
642,79,7,,,,,,,,,,,,,Control,Employee,Strong,0,1,0,0,0,0,1
1008,33,6,,,,,,,,,,,,,Control,Employee,Strong,0,1,0,0,0,1,0
994,36,5,6,6,7,7,2,7,6,6,7,7,6,9,Control,Employee,Strong,0,1,0,0,0,1,0
1606,82,7,,,,,,,,,,,,,Pilot,Employee,Strong,0,1,0,0,0,1,0
1084,32,4,6,6,6,6,5,6,6,5,7,6,6,5,Pilot,Employee,Strong,0,1,0,1,0,0,0
1131,29,8,6,7,6,6,6,5,7,6,6,6,7,5,Control,Employee,Strong,0,1,0,0,0,0,1
988,36,6,6,6,4,7,3,5,6,6,7,6,6,7,Control,Employee,Strong,0,1,0,0,0,1,0
649,81,7,5,3,6,5,6,3,5,2,,,,2,Control,Employee,Strong,0,1,0,0,0,1,0
748,48,6,,,,,,,,,,,,,Pilot,Employee,Strong,0,1,0,0,0,1,0
1186,21,5,6,6,6,7,4,4,5,6,7,7,7,7,Pilot,Employee,Strong,0,1,0,0,0,1,0
581,88,4,5,5,6,6,5,6,6,6,2,3,5,5,Control,Employee,Strong,0,1,0,0,0,0,1
814,51,7,,,,,,,,,,,,,Pilot,Employee,Strong,0,1,0,1,0,0,0
575,90,4,,,,,,,,,,,,,Control,Employee,Strong,0,1,0,0,0,0,1
77,196,11,,,,,,,,,,,,,Pilot,Employee,Strong,0,1,0,0,0,1,0
950,40,5,6,5,6,6,4,6,5,5,6,6,5,5,Control,Employee,Strong,0,1,0,0,0,1,0
1245,23,5,,,,,,,,,,,,,Pilot,Employee,Strong,0,1,0,0,0,1,0
1107,30,9,4,3,4,6,2,5,4,4,5,7,5,5,Control,Employee,Strong,0,1,0,0,0,0,1
1173,26,5,6,6,6,6,6,6,6,6,6,6,5,8,Control,Employee,Strong,0,1,0,0,0,0,1
647,80,8,7,7,7,7,7,7,7,7,6,6,6,6,Pilot,Employee,Strong,0,1,0,1,0,0,0
201,135,7,7,7,7,7,7,7,7,7,5,6,6,7,Pilot,Employee,Strong,0,1,0,0,0,1,0
1058,33,7,5,6,5,5,4,5,5,4,5,6,4,7,Pilot,Employee,Strong,0,1,0,0,0,1,0
146,213,4,,,,,,,,,,,,,Control,Employee,Strong,0,1,0,0,0,0,1
69,238,8,,,,,,,,,,,,,Pilot,Manager,Strong,0,1,0,0,0,1,0
1278,21,8,,,,,,,,,,,,,Control,Employee,Strong,0,1,0,0,0,1,0
855,47,7,7,7,7,7,7,7,7,7,6,6,6,9,Pilot,Employee,Strong,0,1,0,0,0,1,0
844,22,5,,,,,,,,,,,,,Control,Employee,Strong,0,1,0,0,0,0,1
124,298,7,4,3,4,4,2,5,5,5,5,6,6,5,Pilot,Employee,Strong,0,1,0,0,0,1,0
481,94,6,7,7,7,7,7,6,7,7,6,6,6,9,Pilot,Employee,Strong,0,1,0,0,0,1,0
936,41,8,,,,,,,,,,,,,Pilot,Manager,Strong,0,1,0,1,0,0,0
904,44,9,6,6,5,6,7,7,7,6,7,7,6,5,Pilot,Manager,Strong,0,1,0,0,1,0,0
537,93,9,7,7,5,7,6,7,7,7,5,5,6,8,Pilot,Manager,Strong,0,1,0,0,0,1,0
313,103,5,,,,,,,,,,,,,Pilot,Employee,Strong,0,1,0,1,0,0,0
1176,25,6,6,6,6,6,6,6,6,6,6,6,6,8,Control,Employee,Strong,0,1,0,0,0,1,0
416,140,9,5,5,6,5,4,2,3,3,6,6,6,6,Pilot,Employee,Strong,0,1,0,0,0,1,0
1215,23,6,6,5,7,6,4,5,6,7,2,5,3,4,Pilot,Employee,Strong,0,1,0,0,0,1,0
611,85,8,6,5,6,6,7,6,6,6,7,7,7,6,Control,Employee,Strong,0,1,0,0,0,0,1
99,155,10,,,,,,,,,,,,,Pilot,Manager,Strong,0,1,0,0,0,1,0
1546,109,7,6,5,5,5,5,5,5,5,5,5,5,5,Control,Employee,Strong,0,1,0,0,0,1,0
1184,25,6,,,,,,,,,,,,,Control,Employee,Strong,0,1,0,0,0,0,1
1516,95,10,,,,,,,,,,,,,Control,Manager,Strong,0,1,0,0,0,0,1
1106,31,5,4,7,7,7,1,7,7,4,7,7,7,7,Control,Employee,Strong,0,1,0,0,0,0,1
991,36,5,6,6,6,7,6,6,5,5,6,6,6,6,Control,Employee,Strong,0,1,0,0,0,1,0
608,71,6,,,,,,,,,,,,,Pilot,Employee,Strong,0,1,0,0,0,1,0
675,78,5,4,5,2,1,1,4,4,4,6,6,5,6,Control,Employee,Strong,0,1,0,0,0,0,1
742,65,6,,,,,,,,,,,,,Pilot,Employee,Strong,0,1,0,0,0,1,0
783,100,7,,,,,,,,,,,,,Pilot,Employee,Strong,0,1,0,0,0,1,0
1123,27,6,,,,,,,,,,,,,Pilot,Employee,Strong,0,1,0,0,0,1,0
879,45,6,,,,,,,,,,,,,Control,Employee,Strong,0,1,0,0,0,1,0
1216,22,5,,,,,,,,,,,,,Pilot,Employee,Strong,0,1,0,0,0,1,0
1133,29,5,,,,,,,,,,,,,Pilot,Employee,Strong,0,1,0,0,0,1,0
1068,32,7,6,6,6,6,1,5,6,6,7,7,7,5,Pilot,Manager,Strong,0,1,0,0,0,1,0
574,87,7,,,,,,,,,,,,,Pilot,Employee,Strong,0,1,0,0,0,1,0
924,41,5,5,5,6,6,6,4,4,4,5,5,5,5,Pilot,Employee,Strong,0,1,0,1,0,0,0
1119,30,7,,,,,,,,,,,,,Control,Employee,Strong,0,1,0,0,0,1,0
444,108,10,,,,,,,,,,,,,Control,Employee,Strong,0,1,0,0,0,0,1
1010,35,5,6,6,5,5,4,2,2,2,5,6,5,7,Pilot,Employee,Strong,0,1,0,0,0,1,0
1299,21,8,,,,,,,,,,,,,Control,Employee,Strong,0,1,0,0,0,0,1
860,46,7,7,7,7,6,5,7,6,7,5,5,7,9,Control,Employee,Strong,0,1,0,0,0,0,1
63,219,9,6,5,7,6,6,6,6,6,7,6,7,8,Control,Employee,Strong,0,1,0,0,0,0,1
10,239,8,,,,,,,,,,,,,Control,Employee,Strong,0,1,0,0,0,1,0
287,167,7,,,,,,,,,,,,,Control,Employee,Strong,0,1,0,0,0,1,0
108,112,8,6,6,7,6,4,5,7,5,6,6,6,7,Pilot,Manager,Strong,0,1,0,0,0,1,0
518,96,6,,,,,,,,,,,,,Control,Employee,Strong,0,1,0,0,0,0,1
585,86,6,7,7,7,7,6,7,6,7,5,5,6,6,Pilot,Employee,Strong,0,1,0,0,0,1,0
835,48,8,6,6,6,6,5,6,6,6,5,5,6,5,Control,Employee,Strong,0,1,0,0,0,0,1
1046,33,7,7,7,7,7,7,7,7,7,7,7,7,9,Control,Employee,Strong,0,1,0,0,0,0,1
677,77,6,,,,,,,,,,,,,Pilot,Employee,Strong,0,1,0,0,0,1,0
456,172,9,6,6,6,6,2,6,6,6,6,6,6,4,Pilot,Employee,Strong,0,1,0,0,1,0,0
864,46,6,5,3,5,3,2,4,5,5,6,6,6,5,Pilot,Employee,Strong,0,1,0,1,0,0,0
80,178,8,6,5,2,6,2,3,3,2,4,6,6,5,Pilot,Employee,Strong,0,1,0,1,0,0,0
1250,22,6,,,,,,,,,,,,,Control,Employee,Strong,0,1,0,0,0,1,0
1518,135,7,,,,,,,,,,,,,Pilot,Employee,Strong,0,1,0,1,0,0,0
315,165,5,6,7,7,7,3,6,6,6,7,5,7,6,Control,Employee,Strong,0,1,0,0,0,0,1
869,46,9,,,,,,,,,,,,,Pilot,Manager,Strong,0,1,0,1,0,0,0
671,78,6,7,7,7,7,5,7,7,7,6,6,6,9,Pilot,Employee,Strong,0,1,0,1,0,0,0
328,103,5,,,,,,,,,,,,,Control,Employee,Strong,0,1,0,0,0,0,1
1571,85,7,7,7,7,7,6,7,7,7,7,7,7,7,Control,Employee,Strong,0,1,0,0,0,1,0
946,25,5,2,2,6,6,1,6,5,6,5,4,5,3,Pilot,Employee,Strong,0,1,0,0,0,1,0
673,62,5,5,3,4,4,5,4,3,4,4,4,5,5,Control,Employee,Strong,0,1,0,0,0,1,0
14,226,7,,,,,,,,,,,,,Pilot,Employee,Strong,0,1,0,0,1,0,0
706,73,6,6,7,6,6,4,6,6,6,2,3,5,8,Control,Employee,Strong,0,1,0,0,0,0,1
159,223,7,7,7,7,7,6,7,7,7,4,4,4,9,Pilot,Employee,Strong,0,1,0,0,0,1,0
326,94,8,6,6,6,6,4,6,6,6,4,2,5,7,Control,Employee,Strong,0,1,0,0,0,0,1
1052,33,6,6,7,7,6,6,7,7,6,7,7,6,8,Control,Employee,Strong,0,1,0,0,0,1,0
734,67,6,6,6,6,6,6,6,6,6,6,6,6,7,Pilot,Employee,Strong,0,1,0,0,0,1,0
350,128,7,5,6,5,6,2,5,5,3,3,3,5,6,Pilot,Employee,Strong,0,1,0,0,1,0,0
1597,91,4,,,,,,,,,,,,,Control,Employee,Strong,0,1,0,0,0,1,0
927,42,5,5,7,7,7,6,6,7,5,5,7,5,8,Pilot,Employee,Strong,0,1,0,1,0,0,0
987,36,7,5,4,5,5,2,3,2,3,6,5,3,5,Control,Employee,Strong,0,1,0,0,0,1,0
724,164,9,5,5,2,5,5,6,5,6,4,4,7,6,Control,Employee,Strong,0,1,0,0,0,1,0
417,114,5,,,,,,,,,,,,,Pilot,Employee,Strong,0,1,0,0,1,0,0
250,185,10,,,,,,,,,,,,,Control,Employee,Strong,0,1,0,0,0,0,1
1034,34,5,6,6,6,6,6,6,6,6,6,6,6,7,Control,Employee,Strong,0,1,0,0,0,1,0
274,137,4,,,,,,,,,,,,,Control,Employee,Strong,0,1,0,0,0,0,1
1569,57,9,6,6,6,6,6,6,6,6,6,6,6,8,Control,Employee,Strong,0,1,0,0,0,1,0
469,101,10,7,6,4,4,7,7,5,7,5,6,7,6,Pilot,Manager,Strong,0,1,0,0,0,1,0
322,96,5,,,,,,,,,,,,,Control,Employee,Strong,0,1,0,0,0,0,1
464,103,8,6,6,6,7,2,5,7,6,7,7,7,9,Pilot,Manager,Strong,0,1,0,0,0,1,0
1468,95,4,6,6,6,6,6,6,6,6,6,6,6,5,Control,Employee,Strong,0,1,0,0,0,0,1
1550,107,9,6,6,6,6,6,7,7,6,7,7,7,6,Control,Employee,Strong,0,1,0,0,0,1,0
634,82,6,5,6,5,5,4,5,6,6,5,5,5,7,Pilot,Manager,Strong,0,1,0,1,0,0,0
892,44,6,,,,,,,,,,,,,Pilot,Employee,Strong,0,1,0,0,0,1,0
281,149,10,6,6,6,5,5,6,5,6,6,6,5,3,Control,Manager,Strong,0,1,0,0,0,0,1
128,286,9,6,6,7,6,5,6,6,6,6,5,6,6,Control,Employee,Strong,0,1,0,0,0,0,1
1029,34,5,7,7,7,7,7,7,7,7,6,6,4,6,Pilot,Employee,Strong,0,1,0,0,0,1,0
1264,22,4,5,6,5,5,1,3,6,4,5,6,5,6,Pilot,Employee,Strong,0,1,0,1,0,0,0
1311,20,6,7,7,7,7,7,7,7,7,6,6,6,9,Pilot,Employee,Strong,0,1,0,0,0,1,0
463,103,7,5,7,7,7,5,6,6,5,6,6,6,9,Pilot,Employee,Strong,0,1,0,0,1,0,0
662,79,6,,,,,,,,,,,,,Control,Employee,Strong,0,1,0,0,0,1,0
244,142,10,,,,,,,,,,,,,Pilot,Employee,Strong,0,1,0,0,0,1,0
30,193,8,,,,,,,,,,,,,Control,Employee,Strong,0,1,0,0,0,0,1
522,94,7,5,6,6,6,5,5,6,6,5,5,7,5,Control,Employee,Strong,0,1,0,0,0,0,1
935,41,8,,,,,,,,,,,,,Pilot,Manager,Strong,0,1,0,0,0,1,0
344,121,7,,,,,,,,,,,,,Pilot,Employee,Strong,0,1,0,0,0,1,0
1101,31,6,,,,,,,,,,,,,Pilot,Employee,Strong,0,1,0,0,0,1,0
534,95,9,6,2,5,4,2,2,2,2,6,6,7,5,Pilot,Employee,Strong,0,1,0,0,0,1,0
820,50,8,,,,,,,,,,,,,Control,Employee,Strong,0,1,0,0,0,0,1
1544,98,5,2,1,1,1,2,1,1,1,2,4,3,1,Control,Employee,Strong,0,1,0,0,0,1,0
657,21,7,7,7,7,7,7,7,7,7,7,7,7,8,Pilot,Employee,Strong,0,1,0,0,0,1,0
1005,36,7,7,7,7,7,5,7,7,7,7,7,7,6,Pilot,Employee,Strong,0,1,0,1,0,0,0
965,39,6,7,7,7,7,7,7,7,7,7,5,5,8,Pilot,Employee,Strong,0,1,0,1,0,0,0
1539,95,7,6,3,5,5,3,6,5,6,5,6,5,5,Control,Employee,Strong,0,1,0,0,0,1,0
1003,36,7,6,6,6,6,6,4,4,6,6,6,7,5,Control,Employee,Strong,0,1,0,0,0,0,1
535,94,8,6,7,7,7,6,6,7,6,5,5,7,6,Control,Employee,Strong,0,1,0,0,0,0,1
1124,30,6,,,,,,,,,,,,,Control,Employee,Strong,0,1,0,0,0,1,0
839,47,7,4,3,4,3,5,4,3,5,5,5,6,5,Control,Employee,Strong,0,1,0,0,0,0,1
542,93,8,6,6,6,6,6,7,6,6,4,4,6,9,Control,Employee,Strong,0,1,0,0,0,0,1
528,90,8,6,6,6,6,6,6,5,5,7,7,7,7,Pilot,Manager,Strong,0,1,0,0,0,1,0
183,177,9,,,,,,,,,,,,,Control,Employee,Strong,0,1,0,0,0,0,1
132,253,6,,,,,,,,,,,,,Control,Employee,Strong,0,1,0,0,0,0,1
868,46,6,6,5,5,5,6,5,7,7,7,7,7,8,Pilot,Employee,Strong,0,1,0,0,0,1,0
1564,79,7,6,6,7,6,4,5,3,2,4,4,3,9,Control,Employee,Strong,0,1,0,0,0,1,0
1081,32,5,,,,,,,,,,,,,Control,Employee,Strong,0,1,0,0,0,0,1
480,94,7,6,6,7,7,6,6,6,6,6,6,6,7,Pilot,Employee,Strong,0,1,0,0,0,1,0
1251,23,5,,,,,,,,,,,,,Pilot,Employee,Strong,0,1,0,0,0,1,0
1028,34,7,,,,,,,,,,,,,Control,Employee,Strong,0,1,0,0,0,0,1
294,107,7,,,,,,,,,,,,,Control,Employee,Strong,0,1,0,0,0,0,1
1105,31,7,7,7,7,7,5,7,7,7,7,6,6,9,Pilot,Employee,Strong,0,1,0,1,0,0,0
1504,193,10,6,5,6,6,7,3,5,7,7,7,6,7,Control,Employee,Strong,0,1,0,0,0,1,0
1545,109,6,,,,,,,,,,,,,Pilot,Employee,Strong,0,1,0,0,1,0,0
955,39,5,5,6,6,7,4,6,5,5,6,6,4,7,Control,Employee,Strong,0,1,0,0,0,1,0
711,72,7,5,7,7,7,7,7,7,5,2,2,4,4,Pilot,Employee,Strong,0,1,0,1,0,0,0
1002,36,6,5,6,4,5,3,4,6,4,6,6,6,4,Pilot,Employee,Strong,0,1,0,0,0,1,0
1091,31,7,,,,,,,,,,,,,Pilot,Employee,Strong,0,1,0,0,0,1,0
1541,116,7,6,5,6,6,6,6,5,6,7,7,7,8,Control,Employee,Strong,0,1,0,0,0,0,1
540,94,4,6,5,3,6,2,6,5,5,6,6,6,4,Pilot,Employee,Strong,0,1,0,0,0,1,0
6,251,10,,,,,,,,,,,,,Control,Employee,Strong,0,1,0,0,0,0,1
1313,19,6,,,,,,,,,,,,,Control,Employee,Strong,0,1,0,0,0,1,0
24,200,9,6,4,6,5,5,6,5,6,6,6,6,5,Control,Employee,Strong,0,1,0,0,0,1,0
341,138,9,4,7,7,7,5,7,7,5,5,6,6,8,Pilot,Manager,Strong,0,1,0,0,0,1,0
189,175,9,7,7,7,7,5,7,7,7,6,6,6,9,Pilot,Employee,Strong,0,1,0,0,1,0,0
1150,27,5,5,5,5,5,4,5,5,4,5,5,5,5,Control,Employee,Strong,0,1,0,0,0,0,1
46,26,9,,,,,,,,,,,,,Control,Employee,Strong,0,1,0,0,0,0,1
475,101,7,6,6,6,6,2,6,6,6,6,6,6,4,Control,Employee,Strong,0,1,0,0,0,0,1
728,68,7,2,3,2,1,3,1,2,1,2,2,6,3,Control,Employee,Strong,0,1,0,0,0,1,0
358,295,8,6,6,6,5,6,5,6,5,5,6,6,,Pilot,Employee,Strong,0,1,0,0,0,1,0
276,300,9,,,,,,,,,,,,,Control,Employee,Strong,0,1,0,0,0,0,1
1042,33,6,6,5,6,6,4,5,6,6,6,7,6,8,Pilot,Employee,Strong,0,1,0,0,0,1,0
405,117,8,,,,,,,,,,,,,Pilot,Employee,Strong,0,1,0,0,0,1,0
1376,10,7,5,5,7,5,4,6,6,6,6,6,4,5,Control,Employee,Strong,0,1,0,0,0,0,1
1060,33,6,,,,,,,,,,,,,Pilot,Employee,Strong,0,1,0,0,0,1,0
1296,21,8,6,7,7,6,6,7,7,7,7,7,6,8,Control,Employee,Strong,0,1,0,0,0,0,1
1519,135,8,7,7,7,6,5,7,7,7,7,7,7,7,Pilot,Manager,Strong,0,1,0,1,0,0,0
1228,23,6,,,,,,,,,,,,,Control,Employee,Strong,0,1,0,0,0,1,0
667,79,4,,,,,,,,,,,,,Pilot,Employee,Strong,0,1,0,1,0,0,0
1024,35,5,6,6,6,6,6,6,6,6,5,5,5,8,Pilot,Employee,Strong,0,1,0,1,0,0,0
565,91,10,,,,,,,,,,,,,Pilot,Manager,Strong,0,1,0,1,0,0,0
298,105,3,4,4,4,4,4,4,4,4,4,4,6,5,Control,Employee,Strong,0,1,0,0,0,0,1
1316,19,6,5,5,2,6,7,5,6,5,7,7,7,4,Control,Employee,Strong,0,1,0,0,0,1,0
1256,22,6,6,6,6,6,6,6,6,6,6,6,5,8,Control,Employee,Strong,0,1,0,0,0,1,0
1310,19,5,,,,,,,,,,,,,Pilot,Employee,Strong,0,1,0,0,0,1,0
978,37,5,,,,,,,,,,,,,Control,Employee,Strong,0,1,0,0,0,0,1
550,94,9,,,,,,,,,,,,,Control,Manager,Strong,0,1,0,0,0,1,0
539,94,6,1,1,1,1,4,1,1,1,3,2,2,5,Control,Employee,Strong,0,1,0,0,0,0,1
419,113,9,,,,,,,,,,,,,Pilot,Manager,Strong,0,1,0,0,0,1,0
1221,23,6,,,,,,,,,,,,,Control,Employee,Strong,0,1,0,0,0,0,1
552,90,8,6,5,6,6,4,6,6,6,6,6,6,5,Pilot,Employee,Strong,0,1,0,0,0,1,0
1012,35,5,6,6,6,6,6,6,6,6,6,6,6,7,Control,Employee,Strong,0,1,0,0,0,1,0
39,174,6,6,6,6,6,2,6,5,6,6,6,6,7,Control,Employee,Strong,0,1,0,0,0,1,0
1072,32,6,6,6,6,6,6,6,6,6,6,6,6,5,Control,Employee,Strong,0,1,0,0,0,1,0
1017,35,4,,,,,,,,,,,,,Control,Employee,Strong,0,1,0,0,0,0,1
644,81,6,,,,,,,,,,,,,Control,Employee,Strong,0,1,0,0,0,1,0
103,151,9,,,,,,,,,,,,,Pilot,Manager,Strong,0,1,0,0,0,1,0
258,106,8,6,6,4,4,4,4,2,2,6,6,7,5,Pilot,Manager,Strong,0,1,0,0,0,1,0
324,81,3,,,,,,,,,,,,,Control,Employee,Strong,0,1,0,0,0,0,1
972,38,4,5,6,5,6,7,6,6,6,6,6,6,4,Control,Employee,Strong,0,1,0,0,0,0,1
1155,27,5,7,7,7,7,6,7,7,7,6,6,5,9,Pilot,Employee,Strong,0,1,0,0,0,1,0
1204,24,9,,,,,,,,,,,,,Pilot,Manager,Strong,0,1,0,0,0,1,0
676,77,6,,,,,,,,,,,,,Control,Employee,Strong,0,1,0,0,0,1,0
62,230,6,6,6,6,6,2,6,6,6,6,6,6,9,Pilot,Employee,Strong,0,1,0,1,0,0,0
58,357,8,7,7,7,7,7,7,6,7,6,7,7,5,Control,Employee,Strong,0,1,0,0,0,0,1
425,105,7,,,,,,,,,,,,,Pilot,Employee,Strong,0,1,0,0,0,1,0
543,81,4,6,7,6,6,6,7,6,6,5,5,7,8,Control,Employee,Strong,0,1,0,0,0,0,1
291,122,7,4,5,6,6,6,6,6,6,5,5,7,4,Control,Employee,Strong,0,1,0,0,0,1,0
1189,22,6,,,,,,,,,,,,,Pilot,Employee,Strong,0,1,0,0,0,1,0
1136,27,7,,,,,,,,,,,,,Control,Employee,Strong,0,1,0,0,0,0,1
400,117,8,5,5,4,4,4,4,6,4,6,6,7,8,Pilot,Employee,Strong,0,1,0,0,0,1,0
1113,30,6,5,7,7,7,2,6,7,5,6,6,5,7,Control,Employee,Strong,0,1,0,0,0,0,1
923,42,5,6,6,6,6,6,6,6,6,6,6,6,7,Control,Employee,Strong,0,1,0,0,0,0,1
845,74,7,,,,,,,,,,,,,Pilot,Employee,Strong,0,1,0,0,0,1,0
1018,35,4,,,,,,,,,,,,,Control,Employee,Strong,0,1,0,0,0,1,0
382,166,8,6,2,5,5,2,4,5,5,6,6,6,6,Pilot,Employee,Strong,0,1,0,0,0,1,0
578,88,7,6,6,5,6,6,6,6,6,6,6,6,7,Pilot,Employee,Strong,0,1,0,0,0,1,0
84,163,9,,,,,,,,,,,,,Control,Employee,Strong,0,1,0,0,0,1,0
960,39,4,6,5,6,5,4,6,6,5,5,5,6,7,Pilot,Employee,Strong,0,1,0,1,0,0,0
198,163,8,5,2,5,6,2,3,2,6,5,6,6,6,Pilot,Employee,Strong,0,1,0,0,0,1,0
264,230,3,,,,,,,,,,,,,Control,Employee,Strong,0,1,0,0,0,0,1
40,174,10,6,6,6,6,4,6,6,6,6,6,6,5,Control,Employee,Strong,0,1,0,0,0,0,1
1211,23,5,,,,,,,,,,,,,Pilot,Employee,Strong,0,1,0,0,0,1,0
72,341,7,6,6,5,5,4,5,5,5,5,6,7,8,Pilot,Employee,Strong,0,1,0,0,1,0,0
1191,25,4,7,7,7,7,7,7,7,7,6,6,6,9,Pilot,Employee,Strong,0,1,0,1,0,0,0
1601,87,6,6,6,6,6,6,6,6,6,6,6,7,7,Control,Employee,Strong,0,1,0,0,0,1,0
1054,33,6,4,4,4,4,4,4,4,4,4,4,4,6,Control,Employee,Strong,0,1,0,0,0,0,1
1056,33,8,,,,,,,,,,,,,Pilot,Employee,Strong,0,1,0,0,0,1,0
650,80,7,6,6,5,6,6,6,6,5,6,5,5,5,Control,Employee,Strong,0,1,0,0,0,0,1
1179,25,7,7,7,7,7,5,7,7,7,7,7,7,6,Pilot,Employee,Strong,0,1,0,0,0,1,0
177,196,7,6,7,7,7,6,7,4,6,4,7,4,7,Pilot,Employee,Strong,0,1,0,0,1,0,0
466,102,6,,,,,,,,,,,,,Pilot,Employee,Strong,0,1,0,0,0,1,0
422,111,8,,,,,,,,,,,,,Pilot,Employee,Strong,0,1,0,0,0,1,0
1168,26,8,5,6,5,6,3,3,3,4,6,6,6,7,Pilot,Employee,Strong,0,1,0,0,0,1,0
440,96,8,5,2,5,4,5,5,5,3,5,5,5,5,Pilot,Employee,Strong,0,1,0,0,0,1,0
1112,30,5,,,,,,,,,,,,,Pilot,Employee,Strong,0,1,0,1,0,0,0
134,179,13,,,,,,,,,,,,,Pilot,Manager,Strong,0,1,0,0,1,0,0
1108,30,8,5,4,4,2,2,6,2,2,4,5,4,5,Control,Employee,Strong,0,1,0,0,0,0,1
1061,33,8,,,,,,,,,,,,,Control,Employee,Strong,0,1,0,0,0,1,0
884,45,7,,,,,,,,,,,,,Pilot,Employee,Strong,0,1,0,0,0,1,0
854,47,7,,,,,,,,,,,,,Control,Employee,Strong,0,1,0,0,0,0,1
1551,102,6,3,4,6,2,5,4,6,6,6,5,4,7,Control,Employee,Strong,0,1,0,0,0,1,0
745,65,9,,,,,,,,,,,,,Control,Manager,Strong,0,1,0,0,0,0,1
976,38,6,,,,,,,,,,,,,Control,Employee,Strong,0,1,0,0,0,1,0
1135,28,5,7,7,7,7,7,7,7,7,7,7,7,7,Pilot,Employee,Strong,0,1,0,0,0,1,0
454,105,10,,,,,,,,,,,,,Pilot,Manager,Strong,0,1,0,0,1,0,0
48,158,7,1,5,3,4,4,4,1,1,5,7,5,5,Control,Employee,Strong,0,1,0,0,0,0,1
166,191,7,6,5,6,6,6,6,6,6,5,5,6,9,Control,Employee,Strong,0,1,0,0,0,0,1
624,82,11,,,,,,,,,,,,,Pilot,Employee,Strong,0,1,0,0,0,1,0
1270,22,4,6,5,6,6,,6,5,5,6,6,6,5,Pilot,Employee,Strong,0,1,0,1,0,0,0
267,173,8,,,,,,,,,,,,,Control,Employee,Strong,0,1,0,0,0,0,1
856,46,6,,,,,,,,,,,,,Pilot,Employee,Strong,0,1,0,0,0,1,0
527,95,9,6,6,6,7,5,5,5,7,5,5,4,6,Pilot,Manager,Strong,0,1,0,0,0,1,0
511,96,7,,,,,,,,,,,,,Pilot,Employee,Strong,0,1,0,0,0,1,0
532,94,8,,,,,,,,,,,,,Pilot,Employee,Strong,0,1,0,0,0,1,0
182,185,9,6,5,5,5,3,6,5,5,3,6,5,5,Control,Employee,Strong,0,1,0,0,0,1,0
1248,22,9,7,7,7,7,7,7,7,7,7,7,7,5,Pilot,Employee,Strong,0,1,0,1,0,0,0
1291,22,6,7,7,7,7,7,7,7,7,7,7,6,9,Pilot,Employee,Strong,0,1,0,0,1,0,0
912,43,7,,,,,,,,,,,,,Pilot,Employee,Strong,0,1,0,0,0,1,0
215,155,9,7,7,7,7,5,7,7,7,6,6,6,7,Pilot,Employee,Strong,0,1,0,0,0,1,0
862,46,7,6,6,5,6,2,2,6,6,6,7,7,8,Pilot,Employee,Strong,0,1,0,1,0,0,0
934,41,7,,,,,,,,,,,,,Control,Employee,Strong,0,1,0,0,0,0,1
1288,21,4,,,,,,,,,,,,,Pilot,Employee,Strong,0,1,0,0,0,1,0
1040,34,5,6,6,6,6,6,6,6,6,6,6,6,8,Control,Employee,Strong,0,1,0,0,0,1,0
136,251,8,,,,,,,,,,,,,Control,Employee,Strong,0,1,0,0,0,1,0
730,68,8,6,6,6,6,5,5,6,6,5,5,6,8,Pilot,Employee,Strong,0,1,0,0,0,1,0
798,54,7,2,5,2,3,2,2,5,1,7,6,6,4,Pilot,Employee,Strong,0,1,0,0,0,1,0
162,222,8,6,2,1,6,1,3,3,3,7,7,6,9,Pilot,Employee,Strong,0,1,0,1,0,0,0
877,44,6,,,,,,,,,,,,,Pilot,Employee,Strong,0,1,0,0,0,1,0
599,86,4,7,7,7,7,7,7,7,7,6,6,5,5,Control,Employee,Strong,0,1,0,0,0,0,1
1566,86,7,6,7,6,5,5,6,5,6,,,,5,Control,Employee,Strong,0,1,0,0,0,0,1
362,143,8,6,5,6,6,6,,6,6,6,6,6,7,Pilot,Employee,Strong,0,1,0,0,0,1,0
309,93,3,,,,,,,,,,,,,Control,Employee,Strong,0,1,0,0,0,0,1
558,91,7,,,,,,,,,,,,,Pilot,Employee,Strong,0,1,0,0,0,1,0
349,128,8,5,6,6,7,5,7,2,2,6,7,7,7,Control,Manager,Strong,0,1,0,0,0,0,1
378,103,8,6,4,6,5,4,3,2,3,4,4,6,3,Control,Employee,Strong,0,1,0,0,0,1,0
340,190,9,6,4,6,6,5,6,4,4,7,7,6,7,Pilot,Manager,Strong,0,1,0,0,0,1,0
1075,32,4,6,7,5,7,5,6,7,7,6,6,6,8,Pilot,Employee,Strong,0,1,0,1,0,0,0
1102,30,9,,,,,,,,,,,,,Control,Employee,Strong,0,1,0,0,0,0,1
1586,101,7,4,3,4,3,3,4,4,4,,,,7,Pilot,Manager,Strong,0,1,0,1,0,0,0
1308,21,6,,,,,,,,,,,,,Control,Employee,Strong,0,1,0,0,0,1,0
621,83,6,5,5,7,7,7,7,6,4,6,7,6,4,Pilot,Employee,Strong,0,1,0,0,0,1,0
840,48,4,5,5,5,5,4,5,5,5,5,5,5,6,Pilot,Employee,Strong,0,1,0,1,0,0,0
107,144,8,,,,,,,,,,,,,Pilot,Employee,Strong,0,1,0,0,0,1,0
880,45,5,6,6,6,2,4,7,6,6,7,7,7,5,Control,Employee,Strong,0,1,0,0,0,1,0
1484,75,6,,,,,,,,,,,,,Control,Employee,Strong,0,1,0,0,0,0,1
1156,27,9,,,,,,,,,,,,,Pilot,Employee,Strong,0,1,0,1,0,0,0
714,72,9,6,7,7,7,6,6,7,7,7,6,6,9,Control,Employee,Strong,0,1,0,0,0,0,1
91,154,10,7,7,7,7,7,7,7,7,7,7,6,9,Pilot,Manager,Strong,0,1,0,0,0,1,0
648,81,8,7,7,7,7,4,7,7,7,7,7,7,5,Pilot,Employee,Strong,0,1,0,0,0,1,0
92,151,7,6,5,5,4,4,4,4,4,5,6,6,6,Pilot,Employee,Strong,0,1,0,0,0,1,0
817,44,7,6,6,6,6,5,6,6,6,5,5,5,8,Control,Employee,Strong,0,1,0,0,0,0,1
1127,30,7,7,7,7,7,7,7,7,7,7,7,7,9,Pilot,Employee,Strong,0,1,0,0,0,1,0
882,45,4,6,6,6,6,4,2,6,6,7,7,6,4,Pilot,Employee,Strong,0,1,0,0,0,1,0
1121,30,5,7,7,7,7,7,7,7,7,7,7,7,9,Pilot,Employee,Strong,0,1,0,0,0,1,0
563,90,8,7,7,7,7,7,7,7,7,7,7,6,9,Pilot,Employee,Strong,0,1,0,0,0,1,0
1506,169,8,,,,,,,,,,,,,Control,Employee,Strong,0,1,0,0,0,0,1
932,41,9,3,3,5,6,2,3,1,2,5,5,2,3,Control,Manager,Strong,0,1,0,0,0,1,0
1057,33,6,,7,7,7,7,7,7,7,6,6,6,6,Pilot,Employee,Strong,0,1,0,0,0,1,0
959,34,5,,,,,,,,,,,,,Pilot,Employee,Strong,0,1,0,0,0,1,0
1082,32,9,6,6,3,4,3,4,6,6,6,7,7,6,Pilot,Employee,Strong,0,1,0,0,0,1,0
1071,33,8,7,7,7,7,7,7,7,7,7,7,7,9,Pilot,Employee,Strong,0,1,0,0,0,1,0
890,44,6,,,,,,,,,,,,,Pilot,Employee,Strong,0,1,0,1,0,0,0
1593,96,7,6,6,7,7,6,7,7,6,7,6,6,8,Control,Employee,Strong,0,1,0,0,0,0,1
700,73,7,5,2,3,3,2,2,3,3,5,6,6,5,Pilot,Employee,Strong,0,1,0,0,0,1,0
655,80,9,,,,,,,,,,,,,Pilot,Manager,Strong,0,1,0,0,0,1,0
556,76,5,,,,,,,,,,,,,Pilot,Employee,Strong,0,1,0,0,0,1,0
206,178,7,,,,,,,,,,,,,Control,Employee,Strong,0,1,0,0,0,0,1
618,84,7,,,,,,,,,,,,,Pilot,Employee,Strong,0,1,0,0,0,1,0
1231,24,5,,,,,,,,,,,,,Control,Employee,Strong,0,1,0,0,0,0,1
135,251,7,7,5,7,7,5,7,5,7,5,7,5,9,Pilot,Employee,Strong,0,1,0,1,0,0,0
191,158,3,7,7,7,7,7,7,7,7,6,6,6,8,Pilot,Employee,Strong,0,1,0,0,1,0,0
888,45,7,,,,,,,,,,,,,Pilot,Employee,Strong,0,1,0,0,0,1,0
104,147,4,4,7,6,6,2,6,7,4,7,7,7,5,Pilot,Employee,Strong,0,1,0,0,1,0,0
616,84,8,6,7,5,6,2,6,6,5,7,7,7,8,Pilot,Employee,Strong,0,1,0,0,0,1,0
709,72,6,,,,,,,,,,,,,Control,Employee,Strong,0,1,0,0,0,1,0
1203,80,9,7,7,7,7,7,7,7,7,6,6,6,9,Pilot,Manager,Strong,0,1,0,1,0,0,0
284,127,7,,,,,,,,,,,,,Control,Employee,Strong,0,1,0,0,0,0,1
289,147,10,,,,,,,,,,,,,Control,Employee,Strong,0,1,0,0,0,0,1
1114,30,6,,,,,,,,,,,,,Pilot,Employee,Strong,0,1,0,0,0,1,0
1547,109,8,6,6,6,6,6,6,6,6,6,6,6,9,Control,Employee,Strong,0,1,0,0,0,1,0
1584,104,9,,,,,,,,,,,,,Control,Manager,Strong,0,1,0,0,0,0,1
1181,22,4,6,6,6,6,6,7,7,7,6,6,6,7,Control,Employee,Strong,0,1,0,0,0,0,1
964,38,5,,,,,,,,,,,,,Pilot,Employee,Strong,0,1,0,1,0,0,0
133,252,9,3,2,6,2,1,5,2,2,5,5,5,3,Control,Employee,Strong,0,1,0,0,0,0,1
859,46,6,,,,,,,,,,,,,Pilot,Employee,Strong,0,1,0,1,0,0,0
1109,30,9,7,7,7,7,7,7,7,7,6,7,7,6,Pilot,Employee,Strong,0,1,0,0,0,1,0
516,96,10,3,5,6,6,4,6,3,3,7,7,7,7,Pilot,Employee,Strong,0,1,0,0,0,1,0
688,75,8,,,,,,,,,,,,,Pilot,Employee,Strong,0,1,0,0,0,1,0
998,36,7,,,,,,,,,,,,,Pilot,Employee,Strong,0,1,0,1,0,0,0
1276,21,5,6,7,7,7,7,7,7,7,6,6,7,9,Control,Employee,Strong,0,1,0,0,0,0,1
857,58,8,,,,,,,,,,,,,Control,Manager,Strong,0,1,0,0,0,1,0
1281,22,6,,,,,,,,,,,,,Control,Employee,Strong,0,1,0,0,0,1,0
1224,24,7,,,,,,,,,,,,,Pilot,Employee,Strong,0,1,0,0,0,1,0
712,42,6,5,6,6,5,5,4,5,5,7,7,6,5,Control,Employee,Strong,0,1,0,0,0,1,0
151,232,3,6,6,6,6,6,5,5,5,6,6,5,6,Control,Employee,Strong,0,1,0,0,0,0,1
546,92,8,6,5,7,6,5,4,3,4,3,3,6,7,Control,Manager,Strong,0,1,0,0,0,1,0
755,60,11,3,5,4,6,7,6,3,3,5,7,6,5,Control,Employee,Strong,0,1,0,0,0,0,1
1030,34,5,6,7,6,6,1,3,6,5,6,5,3,8,Control,Employee,Strong,0,1,0,0,0,0,1
702,73,5,,,,,,,,,,,,,Control,Employee,Strong,0,1,0,0,0,1,0
920,43,5,3,3,2,3,2,2,1,3,4,3,4,1,Control,Employee,Strong,0,1,0,0,0,0,1
439,110,8,,,,,,,,,,,,,Pilot,Manager,Strong,0,1,0,0,0,1,0
1483,78,7,,,,,,,,,,,,,Control,Employee,Strong,0,1,0,0,0,0,1
722,69,6,7,7,7,7,7,7,7,7,4,4,4,9,Control,Employee,Strong,0,1,0,0,0,1,0
100,155,7,1,1,1,1,1,1,1,1,5,5,1,1,Pilot,Employee,Strong,0,1,0,0,0,1,0
1078,31,8,,,,,,,,,,,,,Pilot,Manager,Strong,0,1,0,1,0,0,0
808,51,4,2,4,2,2,4,4,4,4,5,5,5,3,Control,Employee,Strong,0,1,0,0,0,0,1
1222,22,7,,,,,,,,,,,,,Pilot,Employee,Strong,0,1,0,0,0,1,0
357,204,10,7,7,7,7,7,7,7,7,6,7,7,6,Pilot,Employee,Strong,0,1,0,0,0,1,0
1581,115,6,,,,,,,,,,,,,Control,Employee,Strong,0,1,0,0,0,0,1
870,46,6,6,5,3,3,1,3,2,6,7,6,6,5,Pilot,Employee,Strong,0,1,0,0,0,1,0
1164,21,4,6,6,6,3,3,6,6,6,5,4,5,7,Control,Employee,Strong,0,1,0,0,0,0,1
396,118,7,6,5,3,5,3,6,5,5,7,7,5,8,Pilot,Manager,Strong,0,1,0,0,0,1,0
1193,25,7,7,7,7,5,7,7,7,7,7,7,7,7,Pilot,Employee,Strong,0,1,0,1,0,0,0
821,50,7,,,,,,,,,,,,,Pilot,Employee,Strong,0,1,0,0,0,1,0
1212,24,7,,,,,,,,,,,,,Pilot,Manager,Strong,0,1,0,0,0,1,0
830,48,7,,,,,,,,,,,,,Control,Employee,Strong,0,1,0,0,0,1,0
620,84,7,,,,,,,,,,,,,Pilot,Employee,Strong,0,1,0,0,1,0,0
1588,98,6,5,5,5,5,5,5,5,5,5,5,5,7,Control,Employee,Strong,0,1,0,0,0,0,1
423,98,7,7,7,7,7,7,7,7,7,6,7,7,6,Pilot,Employee,Strong,0,1,0,0,0,1,0
801,54,6,,,,,,,,,,,,,Pilot,Employee,Strong,0,1,0,0,0,1,0
918,42,6,7,7,7,7,4,7,7,7,6,7,6,5,Control,Employee,Strong,0,1,0,0,0,0,1
1016,32,6,6,6,5,5,4,5,5,5,5,7,5,6,Pilot,Employee,Strong,0,1,0,0,0,1,0
658,79,4,6,6,6,5,5,6,6,5,6,5,5,5,Control,Employee,Strong,0,1,0,0,0,0,1
1496,161,7,6,6,4,7,4,6,6,7,7,7,7,9,Control,Employee,Strong,0,1,0,0,0,1,0
1043,34,7,7,7,7,7,7,7,6,7,7,7,7,8,Control,Employee,Strong,0,1,0,0,0,0,1
81,177,8,4,7,7,6,4,6,4,4,6,6,6,8,Pilot,Manager,Strong,0,1,0,0,0,1,0
911,43,8,,,,,,,,,,,,,Pilot,Manager,Strong,0,1,0,0,1,0,0
1098,31,5,4,5,5,5,3,5,4,4,4,4,6,5,Control,Employee,Strong,0,1,0,0,0,0,1
447,94,7,,,,,,,,,,,,,Pilot,Employee,Strong,0,1,0,0,0,1,0
1527,121,7,4,5,5,5,2,3,2,4,6,6,6,4,Control,Employee,Strong,0,1,0,0,0,1,0
636,81,6,6,6,6,6,6,6,6,6,6,5,7,9,Pilot,Employee,Strong,0,1,0,1,0,0,0
86,162,7,,,,,,,,,,,,,Pilot,Employee,Strong,0,1,0,0,0,1,0
459,103,6,,,,,,,,,,,,,Control,Employee,Strong,0,1,0,0,0,1,0
1303,21,6,5,5,3,5,5,5,4,5,4,4,5,5,Control,Employee,Strong,0,1,0,0,0,0,1
1199,25,6,,,,,,,,,,,,,Control,Employee,Strong,0,1,0,0,0,0,1
790,56,7,6,4,2,4,2,2,2,2,6,6,6,5,Pilot,Employee,Strong,0,1,0,0,0,1,0
595,86,10,7,7,7,7,7,7,7,7,6,6,6,6,Pilot,Manager,Strong,0,1,0,0,1,0,0
237,193,11,7,7,6,6,5,5,7,7,6,7,7,9,Pilot,Manager,Strong,0,1,0,0,0,1,0
1132,23,8,6,6,6,6,5,4,7,6,6,7,7,7,Pilot,Employee,Strong,0,1,0,0,0,1,0
409,117,9,,,,,,,,,,,,,Pilot,Manager,Strong,0,1,0,0,0,1,0
372,99,6,6,6,6,6,4,5,4,5,6,6,5,6,Pilot,Employee,Strong,0,1,0,0,0,1,0
1284,21,5,,,,,,,,,,,,,Control,Employee,Strong,0,1,0,0,0,1,0
1472,34,8,,,,,,,,,,,,,Pilot,Employee,Strong,0,1,0,1,0,0,0
411,117,9,7,7,7,7,7,7,7,7,6,6,7,9,Pilot,Manager,Strong,0,1,0,0,0,1,0
914,43,7,5,6,4,6,4,4,5,5,6,6,6,5,Pilot,Employee,Strong,0,1,0,0,0,1,0
359,172,8,7,7,6,6,6,7,7,7,6,6,6,5,Pilot,Employee,Strong,0,1,0,0,0,1,0
1038,33,6,,,,,,,,,,,,,Pilot,Employee,Strong,0,1,0,0,0,1,0
1289,21,7,,,,,,,,,,,,,Control,Employee,Strong,0,1,0,0,0,0,1
1548,109,10,,,,,,,,,,,,,Pilot,Manager,Strong,0,1,0,0,1,0,0
723,70,7,,,,,,,,,,,,,Control,Employee,Strong,0,1,0,0,0,0,1
1180,20,5,6,5,6,6,6,5,6,6,6,6,6,5,Pilot,Employee,Strong,0,1,0,0,0,1,0
1011,35,7,,,,,,,,,,,,,Control,Employee,Strong,0,1,0,0,0,0,1
1219,23,6,7,7,7,7,5,7,7,7,6,6,5,9,Pilot,Employee,Strong,0,1,0,0,0,1,0
1237,39,5,7,7,7,7,6,7,7,7,7,6,6,6,Pilot,Employee,Strong,0,1,0,0,0,1,0
1309,84,7,,,,,,,,,,,,,Control,Employee,Strong,0,1,0,0,0,0,1
596,86,7,,,,,,,,,,,,,Control,Employee,Strong,0,1,0,0,0,0,1
664,79,8,6,5,6,2,6,2,3,2,7,7,5,5,Pilot,Employee,Strong,0,1,0,0,0,1,0
949,40,6,,,,,,,,,,,,,Control,Employee,Strong,0,1,0,0,0,0,1
591,81,6,,,,,,,,,,,,,Pilot,Employee,Strong,0,1,0,0,0,1,0
1235,23,7,,,,,,,,,,,,,Pilot,Employee,Strong,0,1,0,0,0,1,0
1555,98,8,7,7,7,7,7,5,7,7,7,7,7,9,Control,Employee,Strong,0,1,0,0,0,0,1
174,199,10,7,7,7,7,7,7,7,7,7,7,7,9,Pilot,Manager,Strong,0,1,0,0,1,0,0
966,38,6,5,5,5,5,6,5,3,4,6,6,6,2,Control,Employee,Strong,0,1,0,0,0,0,1
863,46,7,7,7,6,7,7,7,7,7,6,6,6,5,Pilot,Employee,Strong,0,1,0,0,0,1,0
829,49,7,,,,,,,,,,,,,Control,Employee,Strong,0,1,0,0,0,0,1
843,47,6,,,,,,,,,,,,,Pilot,Employee,Strong,0,1,0,0,0,1,0
1080,32,6,6,6,6,6,5,6,6,6,7,7,6,8,Pilot,Employee,Strong,0,1,0,1,0,0,0
886,45,7,6,6,6,6,6,5,7,6,5,6,6,5,Pilot,Employee,Strong,0,1,0,0,0,1,0
394,118,8,3,5,6,4,5,4,4,3,7,7,6,8,Pilot,Employee,Strong,0,1,0,0,0,1,0
619,84,5,,,,,,,,,,,,,Control,Employee,Strong,0,1,0,0,0,1,0
144,218,5,6,5,1,4,4,5,5,3,7,7,6,4,Pilot,Employee,Strong,0,1,0,1,0,0,0
247,137,8,7,7,7,7,6,7,7,7,6,6,6,8,Pilot,Employee,Strong,0,1,0,0,0,1,0
195,172,6,6,6,7,7,6,6,6,6,5,5,6,7,Control,Employee,Strong,0,1,0,0,0,0,1
1261,22,7,,,,,,,,,,,,,Pilot,Employee,Strong,0,1,0,0,0,1,0
227,133,7,6,7,6,7,7,7,6,6,3,5,4,7,Pilot,Employee,Strong,0,1,0,0,0,1,0
479,89,6,6,2,2,6,3,6,6,5,6,6,6,5,Control,Employee,Strong,0,1,0,0,0,0,1
930,42,6,,,,,,,,,,,,,Pilot,Employee,Strong,0,1,0,0,0,1,0
637,159,8,7,7,5,7,7,6,7,7,6,6,7,7,Pilot,Employee,Strong,0,1,0,0,0,1,0
1095,31,6,,,,,,,,,,,,,Control,Employee,Strong,0,1,0,0,0,1,0
708,61,6,,,,,,,,,,,,,Control,Employee,Strong,0,1,0,0,0,0,1
1259,22,4,,,,,,,,,,,,,Pilot,Employee,Strong,0,1,0,0,0,1,0
947,40,7,7,7,7,6,6,7,7,7,6,6,6,9,Control,Employee,Strong,0,1,0,0,0,0,1
606,85,7,,,,,,,,,,,,,Pilot,Employee,Strong,0,1,0,0,0,1,0
1183,25,3,,,,,,,,,,,,,Control,Employee,Strong,0,1,0,0,0,0,1
209,118,6,,,,,,,,,,,,,Pilot,Employee,Strong,0,1,0,0,0,1,0
112,316,9,6,6,2,2,2,6,6,6,6,4,4,7,Pilot,Employee,Strong,0,1,0,0,1,0,0
1032,34,5,,,,,,,,,,,,,Control,Employee,Strong,0,1,0,0,0,0,1
609,85,9,,,,,,,,,,,,,Pilot,Manager,Strong,0,1,0,0,0,1,0
513,95,8,,,,,,,,,,,,,Pilot,Employee,Strong,0,1,0,0,0,1,0
928,42,8,5,2,5,4,2,2,2,2,7,7,7,5,Control,Employee,Strong,0,1,0,0,0,0,1
1140,28,5,,,,,,,,,,,,,Pilot,Employee,Strong,0,1,0,0,0,1,0
806,51,4,6,6,7,7,5,6,6,6,6,6,6,4,Pilot,Employee,Strong,0,1,0,1,0,0,0
1138,27,6,6,6,6,6,6,6,6,6,6,6,6,9,Control,Employee,Strong,0,1,0,0,0,0,1
1153,27,6,,,,,,,,,,,,,Control,Employee,Strong,0,1,0,0,0,1,0
819,51,5,5,5,5,5,4,6,6,6,6,6,6,8,Control,Employee,Strong,0,1,0,0,0,0,1
951,38,5,7,7,7,6,5,7,6,7,6,6,7,6,Pilot,Employee,Strong,0,1,0,0,0,1,0
901,43,4,6,6,6,6,5,6,6,6,6,6,6,9,Control,Employee,Strong,0,1,0,0,0,0,1
1560,89,8,5,6,6,5,4,5,4,4,6,6,5,6,Control,Employee,Strong,0,1,0,0,0,1,0
1318,19,10,4,4,1,1,1,1,1,1,6,6,2,5,Pilot,Manager,Strong,0,1,0,1,0,0,0
1074,33,6,,,,,,,,,,,,,Control,Employee,Strong,0,1,0,0,0,1,0
1487,88,8,5,5,5,6,4,5,4,3,6,6,6,5,Control,Employee,Strong,0,1,0,0,0,0,1
95,155,10,7,7,7,7,7,7,7,7,6,6,6,8,Pilot,Employee,Strong,0,1,0,0,0,1,0
270,165,7,,,,,,,,,,,,,Control,Employee,Strong,0,1,0,0,0,0,1
484,78,7,6,7,7,7,4,7,7,6,7,7,7,5,Pilot,Employee,Strong,0,1,0,0,0,1,0
533,94,8,6,7,7,7,7,7,7,6,6,7,6,6,Pilot,Employee,Strong,0,1,0,0,0,1,0
931,41,3,,,,,,,,,,,,,Control,Employee,Strong,0,1,0,0,0,0,1
1295,21,5,6,6,6,6,6,6,6,6,6,6,6,8,Control,Employee,Strong,0,1,0,0,0,1,0
1252,22,7,,,,,,,,,,,,,Control,Employee,Strong,0,1,0,0,0,1,0
875,45,6,5,7,7,7,4,7,7,5,6,6,6,8,Pilot,Employee,Strong,0,1,0,1,0,0,0
57,427,10,7,7,7,7,7,7,7,7,7,7,7,8,Pilot,Manager,Strong,0,1,0,0,1,0,0
881,45,9,5,5,3,5,4,3,4,3,3,6,6,3,Control,Employee,Strong,0,1,0,0,0,0,1
214,154,8,6,6,5,6,6,6,5,6,6,6,6,7,Pilot,Manager,Strong,0,1,0,0,0,1,0
290,135,10,,,,,,,,,,,,,Control,Employee,Strong,0,1,0,0,0,0,1
23,20,9,6,6,7,6,6,6,6,6,6,6,6,9,Control,Employee,Strong,0,1,0,0,0,1,0
777,58,4,7,7,7,7,7,7,7,7,6,6,6,9,Pilot,Employee,Strong,0,1,0,1,0,0,0
261,268,6,4,5,5,5,5,5,5,5,6,5,5,5,Control,Employee,Strong,0,1,0,0,0,1,0
205,99,5,7,7,7,7,7,7,7,7,6,6,5,6,Pilot,Employee,Strong,0,1,0,0,0,1,0
1201,24,6,4,7,5,4,4,6,4,4,6,7,7,5,Control,Employee,Strong,0,1,0,0,0,0,1
1243,23,6,5,5,6,5,2,5,6,3,7,7,5,4,Control,Employee,Strong,0,1,0,0,0,1,0
958,39,7,6,4,5,5,4,6,5,6,5,6,7,6,Pilot,Manager,Strong,0,1,0,1,0,0,0
41,170,7,,,,,,,,,,,,,Control,Employee,Strong,0,1,0,0,0,1,0
255,107,10,,,,,,,,,,,,,Pilot,Manager,Strong,0,1,0,0,0,1,0
1070,33,5,,,,,,,,,,,,,Pilot,Employee,Strong,0,1,0,0,0,1,0
564,90,9,,,,,,,,,,,,,Pilot,Manager,Strong,0,1,0,0,0,1,0
74,214,8,,,,,,,,,,,,,Pilot,Employee,Strong,0,1,0,0,0,1,0
897,44,5,6,6,6,7,1,6,6,7,5,5,6,8,Control,Employee,Strong,0,1,0,0,0,1,0
1265,22,5,,,,,,,,,,,,,Pilot,Employee,Strong,0,1,0,0,0,1,0
239,128,6,7,7,7,7,7,7,7,7,7,7,7,9,Pilot,Employee,Strong,0,1,0,0,0,1,0
310,93,4,3,3,3,3,3,2,2,2,6,6,6,7,Control,Employee,Strong,0,1,0,0,0,0,1
1515,92,7,1,1,1,1,1,1,1,1,7,7,7,1,Control,Employee,Strong,0,1,0,0,0,1,0
380,122,8,6,6,2,6,2,2,4,2,6,6,6,6,Pilot,Employee,Strong,0,1,0,0,0,1,0
538,87,7,6,2,2,2,2,2,2,2,1,2,2,5,Pilot,Employee,Strong,0,1,0,0,0,1,0
1269,22,7,7,7,7,7,7,7,7,7,6,6,6,8,Pilot,Employee,Strong,0,1,0,0,0,1,0
942,39,7,,,,,,,,,,,,,Pilot,Employee,Strong,0,1,0,0,0,1,0
51,131,7,,,,,,,,,,,,,Control,Employee,Strong,0,1,0,0,0,0,1
594,87,2,,,,,,,,,,,,,Control,Employee,Strong,0,1,0,0,0,0,1
1279,22,5,6,6,5,6,5,5,6,6,5,5,4,7,Control,Employee,Strong,0,1,0,0,0,0,1
414,111,9,,,,,,,,,,,,,Pilot,Employee,Strong,0,1,0,1,0,0,0
1037,34,5,4,5,6,5,5,4,5,3,5,5,6,3,Control,Employee,Strong,0,1,0,0,0,0,1
122,298,8,3,3,5,3,6,2,4,3,3,3,5,5,Control,Employee,Strong,0,1,0,0,0,0,1
1599,90,9,,,,,,,,,,,,,Pilot,Employee,Strong,0,1,0,0,1,0,0
1157,27,7,,,,,,,,,,,,,Pilot,Employee,Strong,0,1,0,0,0,1,0
352,226,9,,,,,,,,,,,,,Control,Employee,Strong,0,1,0,0,0,0,1
388,121,9,4,4,1,5,2,2,1,2,2,6,4,5,Pilot,Employee,Strong,0,1,0,0,0,1,0
1149,27,6,,7,7,7,7,7,7,,7,7,7,9,Pilot,Employee,Strong,0,1,0,0,0,1,0
233,165,8,7,7,7,7,6,7,7,7,4,6,6,7,Pilot,Employee,Strong,0,1,0,0,0,1,0
187,176,8,7,7,6,5,5,6,7,7,6,5,6,6,Pilot,Employee,Strong,0,1,0,0,0,1,0
1227,24,6,7,7,7,7,5,7,6,7,6,7,6,6,Pilot,Employee,Strong,0,1,0,0,0,1,0
157,226,8,,,,,,,,,,,,,Control,Employee,Strong,0,1,0,0,0,1,0
504,96,8,,,,,,,,,,,,,Pilot,Employee,Strong,0,1,0,0,0,1,0
373,104,8,7,7,7,7,5,7,7,7,6,7,6,8,Pilot,Manager,Strong,0,1,0,1,0,0,0
275,420,5,7,7,7,7,7,7,7,7,7,7,7,6,Pilot,Employee,Strong,0,1,0,1,0,0,0
1167,26,8,7,7,7,7,7,7,7,7,7,7,7,9,Control,Employee,Strong,0,1,0,0,0,1,0
1142,27,6,,,,,,,,,,,,,Control,Employee,Strong,0,1,0,0,0,0,1
285,122,7,,,,,,,,,,,,,Pilot,Manager,Strong,0,1,0,1,0,0,0
78,192,8,,,,,,,,,,,,,Pilot,Employee,Strong,0,1,0,0,0,1,0
512,96,6,6,5,6,6,6,6,6,6,6,6,6,7,Control,Employee,Strong,0,1,0,0,0,0,1
1266,22,6,,,,,,,,,,,,,Pilot,Employee,Strong,0,1,0,1,0,0,0
139,250,11,,,,,,,,,,,,,Pilot,Manager,Strong,0,1,0,0,0,1,0
1137,28,5,,,,,,,,,,,,,Pilot,Employee,Strong,0,1,0,0,0,1,0
365,109,9,,,,,,,,,,,,,Pilot,Employee,Strong,0,1,0,0,1,0,0
828,49,10,,,,,,,,,,,,,Pilot,Employee,Strong,0,1,0,0,1,0,0
1166,26,3,3,3,5,4,5,4,3,3,4,4,5,4,Control,Employee,Strong,0,1,0,0,0,0,1
282,146,9,4,3,3,5,2,2,2,2,7,7,7,3,Pilot,Employee,Strong,0,1,0,0,1,0,0
577,89,5,,,,,,,,,,,,,Control,Employee,Strong,0,1,0,0,0,0,1
610,85,6,,,,,,,,,,,,,Pilot,Employee,Strong,0,1,0,0,0,1,0
523,95,7,7,7,7,7,7,7,7,7,6,6,6,6,Pilot,Employee,Strong,0,1,0,0,0,1,0
883,44,6,,,,,,,,,,,,,Pilot,Employee,Strong,0,1,0,0,0,1,0
